drop table config_Types cascade constraints; 
drop table config_Version cascade constraints;
drop table config_Registers cascade constraints;
drop table config_Status cascade constraints;
DROP SEQUENCE CT_ID_seq;
DROP SEQUENCE CV_ID_seq; 
DROP SEQUENCE CR_ID_seq; 
DROP SEQUENCE CS_ID_seq; 
/

CREATE TABLE config_Types 
(  config_ID NUMBER PRIMARY KEY, 
   config_Type VARCHAR(100) 
);
create sequence CT_ID_seq;

create or replace trigger trg_CT_id
     before insert on config_Types
     for each row
   begin
     select CT_ID_seq.nextval
       into :new.config_ID
       from dual;
   end;
/
CREATE TABLE config_Version
(  CV_ID NUMBER PRIMARY KEY,
   config_ID NUMBER NOT NULL,
   version_Number DECIMAL
);
create sequence CV_ID_seq;

create or replace trigger trg_CV_id
     before insert on config_Version
     for each row
   begin
     select CV_ID_seq.nextval
       into :new.CV_ID
       from dual;
   end;
 /
CREATE TABLE config_Registers
(  CR_ID NUMBER PRIMARY KEY,
   config_ID NUMBER NOT NULL,
   version_Number DECIMAL,
   odd_even VARCHAR(30) NOT NULL,
   chan_Addr VARCHAR(30) NOT NULL,
   reg_Addr VARCHAR(30) NOT NULL,
   data_value VARCHAR(30) NOT NULL
);
create sequence CR_ID_seq;

create or replace trigger trg_CR_id
     before insert on config_Registers
     for each row
   begin
     select CR_ID_seq.nextval
       into :new.CR_ID
       from dual;
   end;
/
CREATE TABLE config_Status
(  CS_ID NUMBER PRIMARY KEY,
   time_Stamp timestamp DEFAULT CURRENT_TIMESTAMP,
   station_Number INT NOT NULL,
   config_ID NUMBER NOT NULL,
   version_Number DECIMAL,
   success char(1) check (success in ('Y','N'))
);
create sequence CS_ID_seq;

create or replace trigger trg_CS_id
     before insert on config_Status
     for each row
   begin
     select CS_ID_seq.nextval
       into :new.CS_ID
       from dual;
   end;
  /




INSERT INTO config_Types (config_Type) VALUES('pedestal');
INSERT INTO config_Types (config_Type) VALUES('physics_continuous');
INSERT INTO config_Types (config_Type) VALUES('physics_continuous_csum');
INSERT INTO config_Types (config_Type) VALUES('physics_triggered');
INSERT INTO config_Types (config_Type) VALUES('physics_triggered_csum');


 
INSERT INTO config_Version (config_ID,version_Number) VALUES(1,1);  
INSERT INTO config_Version (config_ID,version_Number) VALUES(2,1);
INSERT INTO config_Version (config_ID,version_Number) VALUES(3,1);
INSERT INTO config_Version (config_ID,version_Number) VALUES(4,1);
INSERT INTO config_Version (config_ID,version_Number) VALUES(5,1);


INSERT INTO config_Registers (config_ID,version_Number,odd_even,chan_Addr,reg_Addr,data_value) VALUES(1,1,'even','-1','0x0e','0x05');
INSERT INTO config_Registers (config_ID,version_Number,odd_even,chan_Addr,reg_Addr,data_value) VALUES(1,1,'even','-1','0x0d','0x20');
INSERT INTO config_Registers (config_ID,version_Number,odd_even,chan_Addr,reg_Addr,data_value) VALUES(1,1,'even','-1','0x12','0x31');
INSERT INTO config_Registers (config_ID,version_Number,odd_even,chan_Addr,reg_Addr,data_value) VALUES(1,1,'even','-1','0x07','0x4');
INSERT INTO config_Registers (config_ID,version_Number,odd_even,chan_Addr,reg_Addr,data_value) VALUES(1,1,'even','-1','0x08','0x00');
INSERT INTO config_Registers (config_ID,version_Number,odd_even,chan_Addr,reg_Addr,data_value) VALUES(1,1,'even','-1','0x13','0x00');
INSERT INTO config_Registers (config_ID,version_Number,odd_even,chan_Addr,reg_Addr,data_value) VALUES(1,1,'even','-1','0x24','0xff');
INSERT INTO config_Registers (config_ID,version_Number,odd_even,chan_Addr,reg_Addr,data_value) VALUES(1,1,'even','-1','0x25','0xff');
INSERT INTO config_Registers (config_ID,version_Number,odd_even,chan_Addr,reg_Addr,data_value) VALUES(1,1,'even','-1','0x26','0xff');
INSERT INTO config_Registers (config_ID,version_Number,odd_even,chan_Addr,reg_Addr,data_value) VALUES(1,1,'even','-1','0x27','0xff');
INSERT INTO config_Registers (config_ID,version_Number,odd_even,chan_Addr,reg_Addr,data_value) VALUES(1,1,'even','-1','0x0e','0x05');

INSERT INTO config_Registers (config_ID,version_Number,odd_even,chan_Addr,reg_Addr,data_value) VALUES(1,1,'odd','-1','0x0e','0x05');
INSERT INTO config_Registers (config_ID,version_Number,odd_even,chan_Addr,reg_Addr,data_value) VALUES(1,1,'odd','-1','0x0d','0x20');
INSERT INTO config_Registers (config_ID,version_Number,odd_even,chan_Addr,reg_Addr,data_value) VALUES(1,1,'odd','-1','0x12','0x11');
INSERT INTO config_Registers (config_ID,version_Number,odd_even,chan_Addr,reg_Addr,data_value) VALUES(1,1,'odd','-1','0x07','0x4');
INSERT INTO config_Registers (config_ID,version_Number,odd_even,chan_Addr,reg_Addr,data_value) VALUES(1,1,'odd','-1','0x08','0x00');
INSERT INTO config_Registers (config_ID,version_Number,odd_even,chan_Addr,reg_Addr,data_value) VALUES(1,1,'odd','-1','0x13','0x00');
INSERT INTO config_Registers (config_ID,version_Number,odd_even,chan_Addr,reg_Addr,data_value) VALUES(1,1,'odd','-1','0x24','0xff');
INSERT INTO config_Registers (config_ID,version_Number,odd_even,chan_Addr,reg_Addr,data_value) VALUES(1,1,'odd','-1','0x25','0xff');
INSERT INTO config_Registers (config_ID,version_Number,odd_even,chan_Addr,reg_Addr,data_value) VALUES(1,1,'odd','-1','0x26','0xff');
INSERT INTO config_Registers (config_ID,version_Number,odd_even,chan_Addr,reg_Addr,data_value) VALUES(1,1,'odd','-1','0x27','0xff');
INSERT INTO config_Registers (config_ID,version_Number,odd_even,chan_Addr,reg_Addr,data_value) VALUES(1,1,'odd','-1','0x0e','0x05');

INSERT INTO config_Registers (config_ID,version_Number,odd_even,chan_Addr,reg_Addr,data_value) VALUES(2,1,'even','-1','0x0e','0x05');
INSERT INTO config_Registers (config_ID,version_Number,odd_even,chan_Addr,reg_Addr,data_value) VALUES(2,1,'even','-1','0x0d','0x21');
INSERT INTO config_Registers (config_ID,version_Number,odd_even,chan_Addr,reg_Addr,data_value) VALUES(2,1,'even','-1','0x12','0x31');
INSERT INTO config_Registers (config_ID,version_Number,odd_even,chan_Addr,reg_Addr,data_value) VALUES(2,1,'even','-1','0x07','0x63');
INSERT INTO config_Registers (config_ID,version_Number,odd_even,chan_Addr,reg_Addr,data_value) VALUES(2,1,'even','-1','0x08','0x00');
INSERT INTO config_Registers (config_ID,version_Number,odd_even,chan_Addr,reg_Addr,data_value) VALUES(2,1,'even','-1','0x0b','0x63');
INSERT INTO config_Registers (config_ID,version_Number,odd_even,chan_Addr,reg_Addr,data_value) VALUES(2,1,'even','-1','0x0c','0x00');
INSERT INTO config_Registers (config_ID,version_Number,odd_even,chan_Addr,reg_Addr,data_value) VALUES(2,1,'even','-1','0x13','0x00');
INSERT INTO config_Registers (config_ID,version_Number,odd_even,chan_Addr,reg_Addr,data_value) VALUES(2,1,'even','-1','0x24','0xff');
INSERT INTO config_Registers (config_ID,version_Number,odd_even,chan_Addr,reg_Addr,data_value) VALUES(2,1,'even','-1','0x25','0xff');
INSERT INTO config_Registers (config_ID,version_Number,odd_even,chan_Addr,reg_Addr,data_value) VALUES(2,1,'even','-1','0x26','0xff');
INSERT INTO config_Registers (config_ID,version_Number,odd_even,chan_Addr,reg_Addr,data_value) VALUES(2,1,'even','-1','0x27','0xff');
INSERT INTO config_Registers (config_ID,version_Number,odd_even,chan_Addr,reg_Addr,data_value) VALUES(2,1,'even','0','0x18','0x0200');
INSERT INTO config_Registers (config_ID,version_Number,odd_even,chan_Addr,reg_Addr,data_value) VALUES(2,1,'even','1','0x18','0x0200');
INSERT INTO config_Registers (config_ID,version_Number,odd_even,chan_Addr,reg_Addr,data_value) VALUES(2,1,'even','2','0x18','0x0200');
INSERT INTO config_Registers (config_ID,version_Number,odd_even,chan_Addr,reg_Addr,data_value) VALUES(2,1,'even','3','0x18','0x0200');
INSERT INTO config_Registers (config_ID,version_Number,odd_even,chan_Addr,reg_Addr,data_value) VALUES(2,1,'even','4','0x18','0x0200');
INSERT INTO config_Registers (config_ID,version_Number,odd_even,chan_Addr,reg_Addr,data_value) VALUES(2,1,'even','5','0x18','0x0200');
INSERT INTO config_Registers (config_ID,version_Number,odd_even,chan_Addr,reg_Addr,data_value) VALUES(2,1,'even','6','0x18','0x0200');
INSERT INTO config_Registers (config_ID,version_Number,odd_even,chan_Addr,reg_Addr,data_value) VALUES(2,1,'even','7','0x18','0x0200');
INSERT INTO config_Registers (config_ID,version_Number,odd_even,chan_Addr,reg_Addr,data_value) VALUES(2,1,'even','8','0x18','0x0200');
INSERT INTO config_Registers (config_ID,version_Number,odd_even,chan_Addr,reg_Addr,data_value) VALUES(2,1,'even','9','0x18','0x0200');
INSERT INTO config_Registers (config_ID,version_Number,odd_even,chan_Addr,reg_Addr,data_value) VALUES(2,1,'even','10','0x18','0x0200');
INSERT INTO config_Registers (config_ID,version_Number,odd_even,chan_Addr,reg_Addr,data_value) VALUES(2,1,'even','11','0x18','0x0200');
INSERT INTO config_Registers (config_ID,version_Number,odd_even,chan_Addr,reg_Addr,data_value) VALUES(2,1,'even','12','0x18','0x0200');
INSERT INTO config_Registers (config_ID,version_Number,odd_even,chan_Addr,reg_Addr,data_value) VALUES(2,1,'even','13','0x18','0x0200');
INSERT INTO config_Registers (config_ID,version_Number,odd_even,chan_Addr,reg_Addr,data_value) VALUES(2,1,'even','14','0x18','0x0200');
INSERT INTO config_Registers (config_ID,version_Number,odd_even,chan_Addr,reg_Addr,data_value) VALUES(2,1,'even','15','0x18','0x0200');
INSERT INTO config_Registers (config_ID,version_Number,odd_even,chan_Addr,reg_Addr,data_value) VALUES(2,1,'even','16','0x18','0x0200');
INSERT INTO config_Registers (config_ID,version_Number,odd_even,chan_Addr,reg_Addr,data_value) VALUES(2,1,'even','17','0x18','0x0200');
INSERT INTO config_Registers (config_ID,version_Number,odd_even,chan_Addr,reg_Addr,data_value) VALUES(2,1,'even','18','0x18','0x0200');
INSERT INTO config_Registers (config_ID,version_Number,odd_even,chan_Addr,reg_Addr,data_value) VALUES(2,1,'even','19','0x18','0x0200');
INSERT INTO config_Registers (config_ID,version_Number,odd_even,chan_Addr,reg_Addr,data_value) VALUES(2,1,'even','20','0x18','0x0200');
INSERT INTO config_Registers (config_ID,version_Number,odd_even,chan_Addr,reg_Addr,data_value) VALUES(2,1,'even','21','0x18','0x0200');
INSERT INTO config_Registers (config_ID,version_Number,odd_even,chan_Addr,reg_Addr,data_value) VALUES(2,1,'even','22','0x18','0x0200');
INSERT INTO config_Registers (config_ID,version_Number,odd_even,chan_Addr,reg_Addr,data_value) VALUES(2,1,'even','23','0x18','0x0200');
INSERT INTO config_Registers (config_ID,version_Number,odd_even,chan_Addr,reg_Addr,data_value) VALUES(2,1,'even','24','0x18','0x0200');
INSERT INTO config_Registers (config_ID,version_Number,odd_even,chan_Addr,reg_Addr,data_value) VALUES(2,1,'even','25','0x18','0x0200');
INSERT INTO config_Registers (config_ID,version_Number,odd_even,chan_Addr,reg_Addr,data_value) VALUES(2,1,'even','26','0x18','0x0200');
INSERT INTO config_Registers (config_ID,version_Number,odd_even,chan_Addr,reg_Addr,data_value) VALUES(2,1,'even','27','0x18','0x0200');
INSERT INTO config_Registers (config_ID,version_Number,odd_even,chan_Addr,reg_Addr,data_value) VALUES(2,1,'even','28','0x18','0x0200');
INSERT INTO config_Registers (config_ID,version_Number,odd_even,chan_Addr,reg_Addr,data_value) VALUES(2,1,'even','29','0x18','0x0200');
INSERT INTO config_Registers (config_ID,version_Number,odd_even,chan_Addr,reg_Addr,data_value) VALUES(2,1,'even','30','0x18','0x0200');
INSERT INTO config_Registers (config_ID,version_Number,odd_even,chan_Addr,reg_Addr,data_value) VALUES(2,1,'even','31','0x18','0x0200');
INSERT INTO config_Registers (config_ID,version_Number,odd_even,chan_Addr,reg_Addr,data_value) VALUES(2,1,'even','0','0x0b','0x007F');
INSERT INTO config_Registers (config_ID,version_Number,odd_even,chan_Addr,reg_Addr,data_value) VALUES(2,1,'even','1','0x0b','0x007F');
INSERT INTO config_Registers (config_ID,version_Number,odd_even,chan_Addr,reg_Addr,data_value) VALUES(2,1,'even','2','0x0b','0x007F');
INSERT INTO config_Registers (config_ID,version_Number,odd_even,chan_Addr,reg_Addr,data_value) VALUES(2,1,'even','3','0x0b','0x007F');
INSERT INTO config_Registers (config_ID,version_Number,odd_even,chan_Addr,reg_Addr,data_value) VALUES(2,1,'even','4','0x0b','0x007F');
INSERT INTO config_Registers (config_ID,version_Number,odd_even,chan_Addr,reg_Addr,data_value) VALUES(2,1,'even','5','0x0b','0x007F');
INSERT INTO config_Registers (config_ID,version_Number,odd_even,chan_Addr,reg_Addr,data_value) VALUES(2,1,'even','6','0x0b','0x007F');
INSERT INTO config_Registers (config_ID,version_Number,odd_even,chan_Addr,reg_Addr,data_value) VALUES(2,1,'even','7','0x0b','0x007F');
INSERT INTO config_Registers (config_ID,version_Number,odd_even,chan_Addr,reg_Addr,data_value) VALUES(2,1,'even','8','0x0b','0x007F');
INSERT INTO config_Registers (config_ID,version_Number,odd_even,chan_Addr,reg_Addr,data_value) VALUES(2,1,'even','9','0x0b','0x007F');
INSERT INTO config_Registers (config_ID,version_Number,odd_even,chan_Addr,reg_Addr,data_value) VALUES(2,1,'even','10','0x0b','0x007F');
INSERT INTO config_Registers (config_ID,version_Number,odd_even,chan_Addr,reg_Addr,data_value) VALUES(2,1,'even','11','0x0b','0x007F');
INSERT INTO config_Registers (config_ID,version_Number,odd_even,chan_Addr,reg_Addr,data_value) VALUES(2,1,'even','12','0x0b','0x007F');
INSERT INTO config_Registers (config_ID,version_Number,odd_even,chan_Addr,reg_Addr,data_value) VALUES(2,1,'even','13','0x0b','0x007F');
INSERT INTO config_Registers (config_ID,version_Number,odd_even,chan_Addr,reg_Addr,data_value) VALUES(2,1,'even','14','0x0b','0x007F');
INSERT INTO config_Registers (config_ID,version_Number,odd_even,chan_Addr,reg_Addr,data_value) VALUES(2,1,'even','15','0x0b','0x007F');
INSERT INTO config_Registers (config_ID,version_Number,odd_even,chan_Addr,reg_Addr,data_value) VALUES(2,1,'even','16','0x0b','0x007F');
INSERT INTO config_Registers (config_ID,version_Number,odd_even,chan_Addr,reg_Addr,data_value) VALUES(2,1,'even','17','0x0b','0x007F');
INSERT INTO config_Registers (config_ID,version_Number,odd_even,chan_Addr,reg_Addr,data_value) VALUES(2,1,'even','18','0x0b','0x007F');
INSERT INTO config_Registers (config_ID,version_Number,odd_even,chan_Addr,reg_Addr,data_value) VALUES(2,1,'even','19','0x0b','0x007F');
INSERT INTO config_Registers (config_ID,version_Number,odd_even,chan_Addr,reg_Addr,data_value) VALUES(2,1,'even','20','0x0b','0x007F');
INSERT INTO config_Registers (config_ID,version_Number,odd_even,chan_Addr,reg_Addr,data_value) VALUES(2,1,'even','21','0x0b','0x007F');
INSERT INTO config_Registers (config_ID,version_Number,odd_even,chan_Addr,reg_Addr,data_value) VALUES(2,1,'even','22','0x0b','0x007F');
INSERT INTO config_Registers (config_ID,version_Number,odd_even,chan_Addr,reg_Addr,data_value) VALUES(2,1,'even','23','0x0b','0x007F');
INSERT INTO config_Registers (config_ID,version_Number,odd_even,chan_Addr,reg_Addr,data_value) VALUES(2,1,'even','24','0x0b','0x007F');
INSERT INTO config_Registers (config_ID,version_Number,odd_even,chan_Addr,reg_Addr,data_value) VALUES(2,1,'even','25','0x0b','0x007F');
INSERT INTO config_Registers (config_ID,version_Number,odd_even,chan_Addr,reg_Addr,data_value) VALUES(2,1,'even','26','0x0b','0x007F');
INSERT INTO config_Registers (config_ID,version_Number,odd_even,chan_Addr,reg_Addr,data_value) VALUES(2,1,'even','27','0x0b','0x007F');
INSERT INTO config_Registers (config_ID,version_Number,odd_even,chan_Addr,reg_Addr,data_value) VALUES(2,1,'even','28','0x0b','0x007F');
INSERT INTO config_Registers (config_ID,version_Number,odd_even,chan_Addr,reg_Addr,data_value) VALUES(2,1,'even','29','0x0b','0x007F');
INSERT INTO config_Registers (config_ID,version_Number,odd_even,chan_Addr,reg_Addr,data_value) VALUES(2,1,'even','30','0x0b','0x007F');
INSERT INTO config_Registers (config_ID,version_Number,odd_even,chan_Addr,reg_Addr,data_value) VALUES(2,1,'even','31','0x0b','0x007F');
INSERT INTO config_Registers (config_ID,version_Number,odd_even,chan_Addr,reg_Addr,data_value) VALUES(2,1,'even','0','0x09','0x0C');
INSERT INTO config_Registers (config_ID,version_Number,odd_even,chan_Addr,reg_Addr,data_value) VALUES(2,1,'even','1','0x09','0x0C');
INSERT INTO config_Registers (config_ID,version_Number,odd_even,chan_Addr,reg_Addr,data_value) VALUES(2,1,'even','2','0x09','0x0C');
INSERT INTO config_Registers (config_ID,version_Number,odd_even,chan_Addr,reg_Addr,data_value) VALUES(2,1,'even','3','0x09','0x0C');
INSERT INTO config_Registers (config_ID,version_Number,odd_even,chan_Addr,reg_Addr,data_value) VALUES(2,1,'even','4','0x09','0x0C');
INSERT INTO config_Registers (config_ID,version_Number,odd_even,chan_Addr,reg_Addr,data_value) VALUES(2,1,'even','5','0x09','0x0C');
INSERT INTO config_Registers (config_ID,version_Number,odd_even,chan_Addr,reg_Addr,data_value) VALUES(2,1,'even','6','0x09','0x0C');
INSERT INTO config_Registers (config_ID,version_Number,odd_even,chan_Addr,reg_Addr,data_value) VALUES(2,1,'even','7','0x09','0x0C');
INSERT INTO config_Registers (config_ID,version_Number,odd_even,chan_Addr,reg_Addr,data_value) VALUES(2,1,'even','8','0x09','0x0C');
INSERT INTO config_Registers (config_ID,version_Number,odd_even,chan_Addr,reg_Addr,data_value) VALUES(2,1,'even','9','0x09','0x0C');
INSERT INTO config_Registers (config_ID,version_Number,odd_even,chan_Addr,reg_Addr,data_value) VALUES(2,1,'even','10','0x09','0x0C');
INSERT INTO config_Registers (config_ID,version_Number,odd_even,chan_Addr,reg_Addr,data_value) VALUES(2,1,'even','11','0x09','0x0C');
INSERT INTO config_Registers (config_ID,version_Number,odd_even,chan_Addr,reg_Addr,data_value) VALUES(2,1,'even','12','0x09','0x0C');
INSERT INTO config_Registers (config_ID,version_Number,odd_even,chan_Addr,reg_Addr,data_value) VALUES(2,1,'even','13','0x09','0x0C');
INSERT INTO config_Registers (config_ID,version_Number,odd_even,chan_Addr,reg_Addr,data_value) VALUES(2,1,'even','14','0x09','0x0C');
INSERT INTO config_Registers (config_ID,version_Number,odd_even,chan_Addr,reg_Addr,data_value) VALUES(2,1,'even','15','0x09','0x0C');
INSERT INTO config_Registers (config_ID,version_Number,odd_even,chan_Addr,reg_Addr,data_value) VALUES(2,1,'even','16','0x09','0x0C');
INSERT INTO config_Registers (config_ID,version_Number,odd_even,chan_Addr,reg_Addr,data_value) VALUES(2,1,'even','17','0x09','0x0C');
INSERT INTO config_Registers (config_ID,version_Number,odd_even,chan_Addr,reg_Addr,data_value) VALUES(2,1,'even','18','0x09','0x0C');
INSERT INTO config_Registers (config_ID,version_Number,odd_even,chan_Addr,reg_Addr,data_value) VALUES(2,1,'even','19','0x09','0x0C');
INSERT INTO config_Registers (config_ID,version_Number,odd_even,chan_Addr,reg_Addr,data_value) VALUES(2,1,'even','20','0x09','0x0C');
INSERT INTO config_Registers (config_ID,version_Number,odd_even,chan_Addr,reg_Addr,data_value) VALUES(2,1,'even','21','0x09','0x0C');
INSERT INTO config_Registers (config_ID,version_Number,odd_even,chan_Addr,reg_Addr,data_value) VALUES(2,1,'even','22','0x09','0x0C');
INSERT INTO config_Registers (config_ID,version_Number,odd_even,chan_Addr,reg_Addr,data_value) VALUES(2,1,'even','23','0x09','0x0C');
INSERT INTO config_Registers (config_ID,version_Number,odd_even,chan_Addr,reg_Addr,data_value) VALUES(2,1,'even','24','0x09','0x0C');
INSERT INTO config_Registers (config_ID,version_Number,odd_even,chan_Addr,reg_Addr,data_value) VALUES(2,1,'even','25','0x09','0x0C');
INSERT INTO config_Registers (config_ID,version_Number,odd_even,chan_Addr,reg_Addr,data_value) VALUES(2,1,'even','26','0x09','0x0C');
INSERT INTO config_Registers (config_ID,version_Number,odd_even,chan_Addr,reg_Addr,data_value) VALUES(2,1,'even','27','0x09','0x0C');
INSERT INTO config_Registers (config_ID,version_Number,odd_even,chan_Addr,reg_Addr,data_value) VALUES(2,1,'even','28','0x09','0x0C');
INSERT INTO config_Registers (config_ID,version_Number,odd_even,chan_Addr,reg_Addr,data_value) VALUES(2,1,'even','29','0x09','0x0C');
INSERT INTO config_Registers (config_ID,version_Number,odd_even,chan_Addr,reg_Addr,data_value) VALUES(2,1,'even','30','0x09','0x0C');
INSERT INTO config_Registers (config_ID,version_Number,odd_even,chan_Addr,reg_Addr,data_value) VALUES(2,1,'even','31','0x09','0x0C');
INSERT INTO config_Registers (config_ID,version_Number,odd_even,chan_Addr,reg_Addr,data_value) VALUES(2,1,'even','-1','0x0e','0x05');

INSERT INTO config_Registers (config_ID,version_Number,odd_even,chan_Addr,reg_Addr,data_value) VALUES(2,1,'odd','-1','0x0e','0x05');
INSERT INTO config_Registers (config_ID,version_Number,odd_even,chan_Addr,reg_Addr,data_value) VALUES(2,1,'odd','-1','0x0d','0x21');
INSERT INTO config_Registers (config_ID,version_Number,odd_even,chan_Addr,reg_Addr,data_value) VALUES(2,1,'odd','-1','0x12','0x11');
INSERT INTO config_Registers (config_ID,version_Number,odd_even,chan_Addr,reg_Addr,data_value) VALUES(2,1,'odd','-1','0x07','0x63');
INSERT INTO config_Registers (config_ID,version_Number,odd_even,chan_Addr,reg_Addr,data_value) VALUES(2,1,'odd','-1','0x08','0x00');
INSERT INTO config_Registers (config_ID,version_Number,odd_even,chan_Addr,reg_Addr,data_value) VALUES(2,1,'odd','-1','0x0b','0x63');
INSERT INTO config_Registers (config_ID,version_Number,odd_even,chan_Addr,reg_Addr,data_value) VALUES(2,1,'odd','-1','0x0c','0x00');
INSERT INTO config_Registers (config_ID,version_Number,odd_even,chan_Addr,reg_Addr,data_value) VALUES(2,1,'odd','-1','0x13','0x00');
INSERT INTO config_Registers (config_ID,version_Number,odd_even,chan_Addr,reg_Addr,data_value) VALUES(2,1,'odd','-1','0x24','0xff');
INSERT INTO config_Registers (config_ID,version_Number,odd_even,chan_Addr,reg_Addr,data_value) VALUES(2,1,'odd','-1','0x25','0xff');
INSERT INTO config_Registers (config_ID,version_Number,odd_even,chan_Addr,reg_Addr,data_value) VALUES(2,1,'odd','-1','0x26','0xff');
INSERT INTO config_Registers (config_ID,version_Number,odd_even,chan_Addr,reg_Addr,data_value) VALUES(2,1,'odd','-1','0x27','0xff');
INSERT INTO config_Registers (config_ID,version_Number,odd_even,chan_Addr,reg_Addr,data_value) VALUES(2,1,'odd','0','0x18','0x0200');
INSERT INTO config_Registers (config_ID,version_Number,odd_even,chan_Addr,reg_Addr,data_value) VALUES(2,1,'odd','1','0x18','0x0200');
INSERT INTO config_Registers (config_ID,version_Number,odd_even,chan_Addr,reg_Addr,data_value) VALUES(2,1,'odd','2','0x18','0x0200');
INSERT INTO config_Registers (config_ID,version_Number,odd_even,chan_Addr,reg_Addr,data_value) VALUES(2,1,'odd','3','0x18','0x0200');
INSERT INTO config_Registers (config_ID,version_Number,odd_even,chan_Addr,reg_Addr,data_value) VALUES(2,1,'odd','4','0x18','0x0200');
INSERT INTO config_Registers (config_ID,version_Number,odd_even,chan_Addr,reg_Addr,data_value) VALUES(2,1,'odd','5','0x18','0x0200');
INSERT INTO config_Registers (config_ID,version_Number,odd_even,chan_Addr,reg_Addr,data_value) VALUES(2,1,'odd','6','0x18','0x0200');
INSERT INTO config_Registers (config_ID,version_Number,odd_even,chan_Addr,reg_Addr,data_value) VALUES(2,1,'odd','7','0x18','0x0200');
INSERT INTO config_Registers (config_ID,version_Number,odd_even,chan_Addr,reg_Addr,data_value) VALUES(2,1,'odd','8','0x18','0x0200');
INSERT INTO config_Registers (config_ID,version_Number,odd_even,chan_Addr,reg_Addr,data_value) VALUES(2,1,'odd','9','0x18','0x0200');
INSERT INTO config_Registers (config_ID,version_Number,odd_even,chan_Addr,reg_Addr,data_value) VALUES(2,1,'odd','10','0x18','0x0200');
INSERT INTO config_Registers (config_ID,version_Number,odd_even,chan_Addr,reg_Addr,data_value) VALUES(2,1,'odd','11','0x18','0x0200');
INSERT INTO config_Registers (config_ID,version_Number,odd_even,chan_Addr,reg_Addr,data_value) VALUES(2,1,'odd','12','0x18','0x0200');
INSERT INTO config_Registers (config_ID,version_Number,odd_even,chan_Addr,reg_Addr,data_value) VALUES(2,1,'odd','13','0x18','0x0200');
INSERT INTO config_Registers (config_ID,version_Number,odd_even,chan_Addr,reg_Addr,data_value) VALUES(2,1,'odd','14','0x18','0x0200');
INSERT INTO config_Registers (config_ID,version_Number,odd_even,chan_Addr,reg_Addr,data_value) VALUES(2,1,'odd','15','0x18','0x0200');
INSERT INTO config_Registers (config_ID,version_Number,odd_even,chan_Addr,reg_Addr,data_value) VALUES(2,1,'odd','16','0x18','0x0200');
INSERT INTO config_Registers (config_ID,version_Number,odd_even,chan_Addr,reg_Addr,data_value) VALUES(2,1,'odd','17','0x18','0x0200');
INSERT INTO config_Registers (config_ID,version_Number,odd_even,chan_Addr,reg_Addr,data_value) VALUES(2,1,'odd','18','0x18','0x0200');
INSERT INTO config_Registers (config_ID,version_Number,odd_even,chan_Addr,reg_Addr,data_value) VALUES(2,1,'odd','19','0x18','0x0200');
INSERT INTO config_Registers (config_ID,version_Number,odd_even,chan_Addr,reg_Addr,data_value) VALUES(2,1,'odd','20','0x18','0x0200');
INSERT INTO config_Registers (config_ID,version_Number,odd_even,chan_Addr,reg_Addr,data_value) VALUES(2,1,'odd','21','0x18','0x0200');
INSERT INTO config_Registers (config_ID,version_Number,odd_even,chan_Addr,reg_Addr,data_value) VALUES(2,1,'odd','22','0x18','0x0200');
INSERT INTO config_Registers (config_ID,version_Number,odd_even,chan_Addr,reg_Addr,data_value) VALUES(2,1,'odd','23','0x18','0x0200');
INSERT INTO config_Registers (config_ID,version_Number,odd_even,chan_Addr,reg_Addr,data_value) VALUES(2,1,'odd','24','0x18','0x0200');
INSERT INTO config_Registers (config_ID,version_Number,odd_even,chan_Addr,reg_Addr,data_value) VALUES(2,1,'odd','25','0x18','0x0200');
INSERT INTO config_Registers (config_ID,version_Number,odd_even,chan_Addr,reg_Addr,data_value) VALUES(2,1,'odd','26','0x18','0x0200');
INSERT INTO config_Registers (config_ID,version_Number,odd_even,chan_Addr,reg_Addr,data_value) VALUES(2,1,'odd','27','0x18','0x0200');
INSERT INTO config_Registers (config_ID,version_Number,odd_even,chan_Addr,reg_Addr,data_value) VALUES(2,1,'odd','28','0x18','0x0200');
INSERT INTO config_Registers (config_ID,version_Number,odd_even,chan_Addr,reg_Addr,data_value) VALUES(2,1,'odd','29','0x18','0x0200');
INSERT INTO config_Registers (config_ID,version_Number,odd_even,chan_Addr,reg_Addr,data_value) VALUES(2,1,'odd','30','0x18','0x0200');
INSERT INTO config_Registers (config_ID,version_Number,odd_even,chan_Addr,reg_Addr,data_value) VALUES(2,1,'odd','31','0x18','0x0200');
INSERT INTO config_Registers (config_ID,version_Number,odd_even,chan_Addr,reg_Addr,data_value) VALUES(2,1,'odd','0','0x0b','0x007F');
INSERT INTO config_Registers (config_ID,version_Number,odd_even,chan_Addr,reg_Addr,data_value) VALUES(2,1,'odd','1','0x0b','0x007F');
INSERT INTO config_Registers (config_ID,version_Number,odd_even,chan_Addr,reg_Addr,data_value) VALUES(2,1,'odd','2','0x0b','0x007F');
INSERT INTO config_Registers (config_ID,version_Number,odd_even,chan_Addr,reg_Addr,data_value) VALUES(2,1,'odd','3','0x0b','0x007F');
INSERT INTO config_Registers (config_ID,version_Number,odd_even,chan_Addr,reg_Addr,data_value) VALUES(2,1,'odd','4','0x0b','0x007F');
INSERT INTO config_Registers (config_ID,version_Number,odd_even,chan_Addr,reg_Addr,data_value) VALUES(2,1,'odd','5','0x0b','0x007F');
INSERT INTO config_Registers (config_ID,version_Number,odd_even,chan_Addr,reg_Addr,data_value) VALUES(2,1,'odd','6','0x0b','0x007F');
INSERT INTO config_Registers (config_ID,version_Number,odd_even,chan_Addr,reg_Addr,data_value) VALUES(2,1,'odd','7','0x0b','0x007F');
INSERT INTO config_Registers (config_ID,version_Number,odd_even,chan_Addr,reg_Addr,data_value) VALUES(2,1,'odd','8','0x0b','0x007F');
INSERT INTO config_Registers (config_ID,version_Number,odd_even,chan_Addr,reg_Addr,data_value) VALUES(2,1,'odd','9','0x0b','0x007F');
INSERT INTO config_Registers (config_ID,version_Number,odd_even,chan_Addr,reg_Addr,data_value) VALUES(2,1,'odd','10','0x0b','0x007F');
INSERT INTO config_Registers (config_ID,version_Number,odd_even,chan_Addr,reg_Addr,data_value) VALUES(2,1,'odd','11','0x0b','0x007F');
INSERT INTO config_Registers (config_ID,version_Number,odd_even,chan_Addr,reg_Addr,data_value) VALUES(2,1,'odd','12','0x0b','0x007F');
INSERT INTO config_Registers (config_ID,version_Number,odd_even,chan_Addr,reg_Addr,data_value) VALUES(2,1,'odd','13','0x0b','0x007F');
INSERT INTO config_Registers (config_ID,version_Number,odd_even,chan_Addr,reg_Addr,data_value) VALUES(2,1,'odd','14','0x0b','0x007F');
INSERT INTO config_Registers (config_ID,version_Number,odd_even,chan_Addr,reg_Addr,data_value) VALUES(2,1,'odd','15','0x0b','0x007F');
INSERT INTO config_Registers (config_ID,version_Number,odd_even,chan_Addr,reg_Addr,data_value) VALUES(2,1,'odd','16','0x0b','0x007F');
INSERT INTO config_Registers (config_ID,version_Number,odd_even,chan_Addr,reg_Addr,data_value) VALUES(2,1,'odd','17','0x0b','0x007F');
INSERT INTO config_Registers (config_ID,version_Number,odd_even,chan_Addr,reg_Addr,data_value) VALUES(2,1,'odd','18','0x0b','0x007F');
INSERT INTO config_Registers (config_ID,version_Number,odd_even,chan_Addr,reg_Addr,data_value) VALUES(2,1,'odd','19','0x0b','0x007F');
INSERT INTO config_Registers (config_ID,version_Number,odd_even,chan_Addr,reg_Addr,data_value) VALUES(2,1,'odd','20','0x0b','0x007F');
INSERT INTO config_Registers (config_ID,version_Number,odd_even,chan_Addr,reg_Addr,data_value) VALUES(2,1,'odd','21','0x0b','0x007F');
INSERT INTO config_Registers (config_ID,version_Number,odd_even,chan_Addr,reg_Addr,data_value) VALUES(2,1,'odd','22','0x0b','0x007F');
INSERT INTO config_Registers (config_ID,version_Number,odd_even,chan_Addr,reg_Addr,data_value) VALUES(2,1,'odd','23','0x0b','0x007F');
INSERT INTO config_Registers (config_ID,version_Number,odd_even,chan_Addr,reg_Addr,data_value) VALUES(2,1,'odd','24','0x0b','0x007F');
INSERT INTO config_Registers (config_ID,version_Number,odd_even,chan_Addr,reg_Addr,data_value) VALUES(2,1,'odd','25','0x0b','0x007F');
INSERT INTO config_Registers (config_ID,version_Number,odd_even,chan_Addr,reg_Addr,data_value) VALUES(2,1,'odd','26','0x0b','0x007F');
INSERT INTO config_Registers (config_ID,version_Number,odd_even,chan_Addr,reg_Addr,data_value) VALUES(2,1,'odd','27','0x0b','0x007F');
INSERT INTO config_Registers (config_ID,version_Number,odd_even,chan_Addr,reg_Addr,data_value) VALUES(2,1,'odd','28','0x0b','0x007F');
INSERT INTO config_Registers (config_ID,version_Number,odd_even,chan_Addr,reg_Addr,data_value) VALUES(2,1,'odd','29','0x0b','0x007F');
INSERT INTO config_Registers (config_ID,version_Number,odd_even,chan_Addr,reg_Addr,data_value) VALUES(2,1,'odd','30','0x0b','0x007F');
INSERT INTO config_Registers (config_ID,version_Number,odd_even,chan_Addr,reg_Addr,data_value) VALUES(2,1,'odd','31','0x0b','0x007F');
INSERT INTO config_Registers (config_ID,version_Number,odd_even,chan_Addr,reg_Addr,data_value) VALUES(2,1,'odd','0','0x09','0x0C');
INSERT INTO config_Registers (config_ID,version_Number,odd_even,chan_Addr,reg_Addr,data_value) VALUES(2,1,'odd','1','0x09','0x0C');
INSERT INTO config_Registers (config_ID,version_Number,odd_even,chan_Addr,reg_Addr,data_value) VALUES(2,1,'odd','2','0x09','0x0C');
INSERT INTO config_Registers (config_ID,version_Number,odd_even,chan_Addr,reg_Addr,data_value) VALUES(2,1,'odd','3','0x09','0x0C');
INSERT INTO config_Registers (config_ID,version_Number,odd_even,chan_Addr,reg_Addr,data_value) VALUES(2,1,'odd','4','0x09','0x0C');
INSERT INTO config_Registers (config_ID,version_Number,odd_even,chan_Addr,reg_Addr,data_value) VALUES(2,1,'odd','5','0x09','0x0C');
INSERT INTO config_Registers (config_ID,version_Number,odd_even,chan_Addr,reg_Addr,data_value) VALUES(2,1,'odd','6','0x09','0x0C');
INSERT INTO config_Registers (config_ID,version_Number,odd_even,chan_Addr,reg_Addr,data_value) VALUES(2,1,'odd','7','0x09','0x0C');
INSERT INTO config_Registers (config_ID,version_Number,odd_even,chan_Addr,reg_Addr,data_value) VALUES(2,1,'odd','8','0x09','0x0C');
INSERT INTO config_Registers (config_ID,version_Number,odd_even,chan_Addr,reg_Addr,data_value) VALUES(2,1,'odd','9','0x09','0x0C');
INSERT INTO config_Registers (config_ID,version_Number,odd_even,chan_Addr,reg_Addr,data_value) VALUES(2,1,'odd','10','0x09','0x0C');
INSERT INTO config_Registers (config_ID,version_Number,odd_even,chan_Addr,reg_Addr,data_value) VALUES(2,1,'odd','11','0x09','0x0C');
INSERT INTO config_Registers (config_ID,version_Number,odd_even,chan_Addr,reg_Addr,data_value) VALUES(2,1,'odd','12','0x09','0x0C');
INSERT INTO config_Registers (config_ID,version_Number,odd_even,chan_Addr,reg_Addr,data_value) VALUES(2,1,'odd','13','0x09','0x0C');
INSERT INTO config_Registers (config_ID,version_Number,odd_even,chan_Addr,reg_Addr,data_value) VALUES(2,1,'odd','14','0x09','0x0C');
INSERT INTO config_Registers (config_ID,version_Number,odd_even,chan_Addr,reg_Addr,data_value) VALUES(2,1,'odd','15','0x09','0x0C');
INSERT INTO config_Registers (config_ID,version_Number,odd_even,chan_Addr,reg_Addr,data_value) VALUES(2,1,'odd','16','0x09','0x0C');
INSERT INTO config_Registers (config_ID,version_Number,odd_even,chan_Addr,reg_Addr,data_value) VALUES(2,1,'odd','17','0x09','0x0C');
INSERT INTO config_Registers (config_ID,version_Number,odd_even,chan_Addr,reg_Addr,data_value) VALUES(2,1,'odd','18','0x09','0x0C');
INSERT INTO config_Registers (config_ID,version_Number,odd_even,chan_Addr,reg_Addr,data_value) VALUES(2,1,'odd','19','0x09','0x0C');
INSERT INTO config_Registers (config_ID,version_Number,odd_even,chan_Addr,reg_Addr,data_value) VALUES(2,1,'odd','20','0x09','0x0C');
INSERT INTO config_Registers (config_ID,version_Number,odd_even,chan_Addr,reg_Addr,data_value) VALUES(2,1,'odd','21','0x09','0x0C');
INSERT INTO config_Registers (config_ID,version_Number,odd_even,chan_Addr,reg_Addr,data_value) VALUES(2,1,'odd','22','0x09','0x0C');
INSERT INTO config_Registers (config_ID,version_Number,odd_even,chan_Addr,reg_Addr,data_value) VALUES(2,1,'odd','23','0x09','0x0C');
INSERT INTO config_Registers (config_ID,version_Number,odd_even,chan_Addr,reg_Addr,data_value) VALUES(2,1,'odd','24','0x09','0x0C');
INSERT INTO config_Registers (config_ID,version_Number,odd_even,chan_Addr,reg_Addr,data_value) VALUES(2,1,'odd','25','0x09','0x0C');
INSERT INTO config_Registers (config_ID,version_Number,odd_even,chan_Addr,reg_Addr,data_value) VALUES(2,1,'odd','26','0x09','0x0C');
INSERT INTO config_Registers (config_ID,version_Number,odd_even,chan_Addr,reg_Addr,data_value) VALUES(2,1,'odd','27','0x09','0x0C');
INSERT INTO config_Registers (config_ID,version_Number,odd_even,chan_Addr,reg_Addr,data_value) VALUES(2,1,'odd','28','0x09','0x0C');
INSERT INTO config_Registers (config_ID,version_Number,odd_even,chan_Addr,reg_Addr,data_value) VALUES(2,1,'odd','29','0x09','0x0C');
INSERT INTO config_Registers (config_ID,version_Number,odd_even,chan_Addr,reg_Addr,data_value) VALUES(2,1,'odd','30','0x09','0x0C');
INSERT INTO config_Registers (config_ID,version_Number,odd_even,chan_Addr,reg_Addr,data_value) VALUES(2,1,'odd','31','0x09','0x0C');
INSERT INTO config_Registers (config_ID,version_Number,odd_even,chan_Addr,reg_Addr,data_value) VALUES(2,1,'odd','-1','0x0e','0x05');

                                                                                                                                                 
INSERT INTO config_Registers (config_ID,version_Number,odd_even,chan_Addr,reg_Addr,data_value) VALUES(3,1,'even','-1','0x0e','0x05');
INSERT INTO config_Registers (config_ID,version_Number,odd_even,chan_Addr,reg_Addr,data_value) VALUES(3,1,'even','-1','0x0d','0x25');
INSERT INTO config_Registers (config_ID,version_Number,odd_even,chan_Addr,reg_Addr,data_value) VALUES(3,1,'even','-1','0x12','0x31');
INSERT INTO config_Registers (config_ID,version_Number,odd_even,chan_Addr,reg_Addr,data_value) VALUES(3,1,'even','-1','0x07','0x63');
INSERT INTO config_Registers (config_ID,version_Number,odd_even,chan_Addr,reg_Addr,data_value) VALUES(3,1,'even','-1','0x08','0x00');
INSERT INTO config_Registers (config_ID,version_Number,odd_even,chan_Addr,reg_Addr,data_value) VALUES(3,1,'even','-1','0x0b','0x63');
INSERT INTO config_Registers (config_ID,version_Number,odd_even,chan_Addr,reg_Addr,data_value) VALUES(3,1,'even','-1','0x0c','0x00');
INSERT INTO config_Registers (config_ID,version_Number,odd_even,chan_Addr,reg_Addr,data_value) VALUES(3,1,'even','-1','0x13','0x00');
INSERT INTO config_Registers (config_ID,version_Number,odd_even,chan_Addr,reg_Addr,data_value) VALUES(3,1,'even','-1','0x24','0xff');
INSERT INTO config_Registers (config_ID,version_Number,odd_even,chan_Addr,reg_Addr,data_value) VALUES(3,1,'even','-1','0x25','0xff');
INSERT INTO config_Registers (config_ID,version_Number,odd_even,chan_Addr,reg_Addr,data_value) VALUES(3,1,'even','-1','0x26','0xff');
INSERT INTO config_Registers (config_ID,version_Number,odd_even,chan_Addr,reg_Addr,data_value) VALUES(3,1,'even','-1','0x27','0xff');
INSERT INTO config_Registers (config_ID,version_Number,odd_even,chan_Addr,reg_Addr,data_value) VALUES(3,1,'even','0','0x18','0x0200');
INSERT INTO config_Registers (config_ID,version_Number,odd_even,chan_Addr,reg_Addr,data_value) VALUES(3,1,'even','1','0x18','0x0200');
INSERT INTO config_Registers (config_ID,version_Number,odd_even,chan_Addr,reg_Addr,data_value) VALUES(3,1,'even','2','0x18','0x0200');
INSERT INTO config_Registers (config_ID,version_Number,odd_even,chan_Addr,reg_Addr,data_value) VALUES(3,1,'even','3','0x18','0x0200');
INSERT INTO config_Registers (config_ID,version_Number,odd_even,chan_Addr,reg_Addr,data_value) VALUES(3,1,'even','4','0x18','0x0200');
INSERT INTO config_Registers (config_ID,version_Number,odd_even,chan_Addr,reg_Addr,data_value) VALUES(3,1,'even','5','0x18','0x0200');
INSERT INTO config_Registers (config_ID,version_Number,odd_even,chan_Addr,reg_Addr,data_value) VALUES(3,1,'even','6','0x18','0x0200');
INSERT INTO config_Registers (config_ID,version_Number,odd_even,chan_Addr,reg_Addr,data_value) VALUES(3,1,'even','7','0x18','0x0200');
INSERT INTO config_Registers (config_ID,version_Number,odd_even,chan_Addr,reg_Addr,data_value) VALUES(3,1,'even','8','0x18','0x0200');
INSERT INTO config_Registers (config_ID,version_Number,odd_even,chan_Addr,reg_Addr,data_value) VALUES(3,1,'even','9','0x18','0x0200');
INSERT INTO config_Registers (config_ID,version_Number,odd_even,chan_Addr,reg_Addr,data_value) VALUES(3,1,'even','10','0x18','0x0200');
INSERT INTO config_Registers (config_ID,version_Number,odd_even,chan_Addr,reg_Addr,data_value) VALUES(3,1,'even','11','0x18','0x0200');
INSERT INTO config_Registers (config_ID,version_Number,odd_even,chan_Addr,reg_Addr,data_value) VALUES(3,1,'even','12','0x18','0x0200');
INSERT INTO config_Registers (config_ID,version_Number,odd_even,chan_Addr,reg_Addr,data_value) VALUES(3,1,'even','13','0x18','0x0200');
INSERT INTO config_Registers (config_ID,version_Number,odd_even,chan_Addr,reg_Addr,data_value) VALUES(3,1,'even','14','0x18','0x0200');
INSERT INTO config_Registers (config_ID,version_Number,odd_even,chan_Addr,reg_Addr,data_value) VALUES(3,1,'even','15','0x18','0x0200');
INSERT INTO config_Registers (config_ID,version_Number,odd_even,chan_Addr,reg_Addr,data_value) VALUES(3,1,'even','16','0x18','0x0200');
INSERT INTO config_Registers (config_ID,version_Number,odd_even,chan_Addr,reg_Addr,data_value) VALUES(3,1,'even','17','0x18','0x0200');
INSERT INTO config_Registers (config_ID,version_Number,odd_even,chan_Addr,reg_Addr,data_value) VALUES(3,1,'even','18','0x18','0x0200');
INSERT INTO config_Registers (config_ID,version_Number,odd_even,chan_Addr,reg_Addr,data_value) VALUES(3,1,'even','19','0x18','0x0200');
INSERT INTO config_Registers (config_ID,version_Number,odd_even,chan_Addr,reg_Addr,data_value) VALUES(3,1,'even','20','0x18','0x0200');
INSERT INTO config_Registers (config_ID,version_Number,odd_even,chan_Addr,reg_Addr,data_value) VALUES(3,1,'even','21','0x18','0x0200');
INSERT INTO config_Registers (config_ID,version_Number,odd_even,chan_Addr,reg_Addr,data_value) VALUES(3,1,'even','22','0x18','0x0200');
INSERT INTO config_Registers (config_ID,version_Number,odd_even,chan_Addr,reg_Addr,data_value) VALUES(3,1,'even','23','0x18','0x0200');
INSERT INTO config_Registers (config_ID,version_Number,odd_even,chan_Addr,reg_Addr,data_value) VALUES(3,1,'even','24','0x18','0x0200');
INSERT INTO config_Registers (config_ID,version_Number,odd_even,chan_Addr,reg_Addr,data_value) VALUES(3,1,'even','25','0x18','0x0200');
INSERT INTO config_Registers (config_ID,version_Number,odd_even,chan_Addr,reg_Addr,data_value) VALUES(3,1,'even','26','0x18','0x0200');
INSERT INTO config_Registers (config_ID,version_Number,odd_even,chan_Addr,reg_Addr,data_value) VALUES(3,1,'even','27','0x18','0x0200');
INSERT INTO config_Registers (config_ID,version_Number,odd_even,chan_Addr,reg_Addr,data_value) VALUES(3,1,'even','28','0x18','0x0200');
INSERT INTO config_Registers (config_ID,version_Number,odd_even,chan_Addr,reg_Addr,data_value) VALUES(3,1,'even','29','0x18','0x0200');
INSERT INTO config_Registers (config_ID,version_Number,odd_even,chan_Addr,reg_Addr,data_value) VALUES(3,1,'even','30','0x18','0x0200');
INSERT INTO config_Registers (config_ID,version_Number,odd_even,chan_Addr,reg_Addr,data_value) VALUES(3,1,'even','31','0x18','0x0200');
INSERT INTO config_Registers (config_ID,version_Number,odd_even,chan_Addr,reg_Addr,data_value) VALUES(3,1,'even','0','0x0b','0x007F');
INSERT INTO config_Registers (config_ID,version_Number,odd_even,chan_Addr,reg_Addr,data_value) VALUES(3,1,'even','1','0x0b','0x007F');
INSERT INTO config_Registers (config_ID,version_Number,odd_even,chan_Addr,reg_Addr,data_value) VALUES(3,1,'even','2','0x0b','0x007F');
INSERT INTO config_Registers (config_ID,version_Number,odd_even,chan_Addr,reg_Addr,data_value) VALUES(3,1,'even','3','0x0b','0x007F');
INSERT INTO config_Registers (config_ID,version_Number,odd_even,chan_Addr,reg_Addr,data_value) VALUES(3,1,'even','4','0x0b','0x007F');
INSERT INTO config_Registers (config_ID,version_Number,odd_even,chan_Addr,reg_Addr,data_value) VALUES(3,1,'even','5','0x0b','0x007F');
INSERT INTO config_Registers (config_ID,version_Number,odd_even,chan_Addr,reg_Addr,data_value) VALUES(3,1,'even','6','0x0b','0x007F');
INSERT INTO config_Registers (config_ID,version_Number,odd_even,chan_Addr,reg_Addr,data_value) VALUES(3,1,'even','7','0x0b','0x007F');
INSERT INTO config_Registers (config_ID,version_Number,odd_even,chan_Addr,reg_Addr,data_value) VALUES(3,1,'even','8','0x0b','0x007F');
INSERT INTO config_Registers (config_ID,version_Number,odd_even,chan_Addr,reg_Addr,data_value) VALUES(3,1,'even','9','0x0b','0x007F');
INSERT INTO config_Registers (config_ID,version_Number,odd_even,chan_Addr,reg_Addr,data_value) VALUES(3,1,'even','10','0x0b','0x007F');
INSERT INTO config_Registers (config_ID,version_Number,odd_even,chan_Addr,reg_Addr,data_value) VALUES(3,1,'even','11','0x0b','0x007F');
INSERT INTO config_Registers (config_ID,version_Number,odd_even,chan_Addr,reg_Addr,data_value) VALUES(3,1,'even','12','0x0b','0x007F');
INSERT INTO config_Registers (config_ID,version_Number,odd_even,chan_Addr,reg_Addr,data_value) VALUES(3,1,'even','13','0x0b','0x007F');
INSERT INTO config_Registers (config_ID,version_Number,odd_even,chan_Addr,reg_Addr,data_value) VALUES(3,1,'even','14','0x0b','0x007F');
INSERT INTO config_Registers (config_ID,version_Number,odd_even,chan_Addr,reg_Addr,data_value) VALUES(3,1,'even','15','0x0b','0x007F');
INSERT INTO config_Registers (config_ID,version_Number,odd_even,chan_Addr,reg_Addr,data_value) VALUES(3,1,'even','16','0x0b','0x007F');
INSERT INTO config_Registers (config_ID,version_Number,odd_even,chan_Addr,reg_Addr,data_value) VALUES(3,1,'even','17','0x0b','0x007F');
INSERT INTO config_Registers (config_ID,version_Number,odd_even,chan_Addr,reg_Addr,data_value) VALUES(3,1,'even','18','0x0b','0x007F');
INSERT INTO config_Registers (config_ID,version_Number,odd_even,chan_Addr,reg_Addr,data_value) VALUES(3,1,'even','19','0x0b','0x007F');
INSERT INTO config_Registers (config_ID,version_Number,odd_even,chan_Addr,reg_Addr,data_value) VALUES(3,1,'even','20','0x0b','0x007F');
INSERT INTO config_Registers (config_ID,version_Number,odd_even,chan_Addr,reg_Addr,data_value) VALUES(3,1,'even','21','0x0b','0x007F');
INSERT INTO config_Registers (config_ID,version_Number,odd_even,chan_Addr,reg_Addr,data_value) VALUES(3,1,'even','22','0x0b','0x007F');
INSERT INTO config_Registers (config_ID,version_Number,odd_even,chan_Addr,reg_Addr,data_value) VALUES(3,1,'even','23','0x0b','0x007F');
INSERT INTO config_Registers (config_ID,version_Number,odd_even,chan_Addr,reg_Addr,data_value) VALUES(3,1,'even','24','0x0b','0x007F');
INSERT INTO config_Registers (config_ID,version_Number,odd_even,chan_Addr,reg_Addr,data_value) VALUES(3,1,'even','25','0x0b','0x007F');
INSERT INTO config_Registers (config_ID,version_Number,odd_even,chan_Addr,reg_Addr,data_value) VALUES(3,1,'even','26','0x0b','0x007F');
INSERT INTO config_Registers (config_ID,version_Number,odd_even,chan_Addr,reg_Addr,data_value) VALUES(3,1,'even','27','0x0b','0x007F');
INSERT INTO config_Registers (config_ID,version_Number,odd_even,chan_Addr,reg_Addr,data_value) VALUES(3,1,'even','28','0x0b','0x007F');
INSERT INTO config_Registers (config_ID,version_Number,odd_even,chan_Addr,reg_Addr,data_value) VALUES(3,1,'even','29','0x0b','0x007F');
INSERT INTO config_Registers (config_ID,version_Number,odd_even,chan_Addr,reg_Addr,data_value) VALUES(3,1,'even','30','0x0b','0x007F');
INSERT INTO config_Registers (config_ID,version_Number,odd_even,chan_Addr,reg_Addr,data_value) VALUES(3,1,'even','31','0x0b','0x007F');
INSERT INTO config_Registers (config_ID,version_Number,odd_even,chan_Addr,reg_Addr,data_value) VALUES(3,1,'even','0','0x09','0x0C');
INSERT INTO config_Registers (config_ID,version_Number,odd_even,chan_Addr,reg_Addr,data_value) VALUES(3,1,'even','1','0x09','0x0C');
INSERT INTO config_Registers (config_ID,version_Number,odd_even,chan_Addr,reg_Addr,data_value) VALUES(3,1,'even','2','0x09','0x0C');
INSERT INTO config_Registers (config_ID,version_Number,odd_even,chan_Addr,reg_Addr,data_value) VALUES(3,1,'even','3','0x09','0x0C');
INSERT INTO config_Registers (config_ID,version_Number,odd_even,chan_Addr,reg_Addr,data_value) VALUES(3,1,'even','4','0x09','0x0C');
INSERT INTO config_Registers (config_ID,version_Number,odd_even,chan_Addr,reg_Addr,data_value) VALUES(3,1,'even','5','0x09','0x0C');
INSERT INTO config_Registers (config_ID,version_Number,odd_even,chan_Addr,reg_Addr,data_value) VALUES(3,1,'even','6','0x09','0x0C');
INSERT INTO config_Registers (config_ID,version_Number,odd_even,chan_Addr,reg_Addr,data_value) VALUES(3,1,'even','7','0x09','0x0C');
INSERT INTO config_Registers (config_ID,version_Number,odd_even,chan_Addr,reg_Addr,data_value) VALUES(3,1,'even','8','0x09','0x0C');
INSERT INTO config_Registers (config_ID,version_Number,odd_even,chan_Addr,reg_Addr,data_value) VALUES(3,1,'even','9','0x09','0x0C');
INSERT INTO config_Registers (config_ID,version_Number,odd_even,chan_Addr,reg_Addr,data_value) VALUES(3,1,'even','10','0x09','0x0C');
INSERT INTO config_Registers (config_ID,version_Number,odd_even,chan_Addr,reg_Addr,data_value) VALUES(3,1,'even','11','0x09','0x0C');
INSERT INTO config_Registers (config_ID,version_Number,odd_even,chan_Addr,reg_Addr,data_value) VALUES(3,1,'even','12','0x09','0x0C');
INSERT INTO config_Registers (config_ID,version_Number,odd_even,chan_Addr,reg_Addr,data_value) VALUES(3,1,'even','13','0x09','0x0C');
INSERT INTO config_Registers (config_ID,version_Number,odd_even,chan_Addr,reg_Addr,data_value) VALUES(3,1,'even','14','0x09','0x0C');
INSERT INTO config_Registers (config_ID,version_Number,odd_even,chan_Addr,reg_Addr,data_value) VALUES(3,1,'even','15','0x09','0x0C');
INSERT INTO config_Registers (config_ID,version_Number,odd_even,chan_Addr,reg_Addr,data_value) VALUES(3,1,'even','16','0x09','0x0C');
INSERT INTO config_Registers (config_ID,version_Number,odd_even,chan_Addr,reg_Addr,data_value) VALUES(3,1,'even','17','0x09','0x0C');
INSERT INTO config_Registers (config_ID,version_Number,odd_even,chan_Addr,reg_Addr,data_value) VALUES(3,1,'even','18','0x09','0x0C');
INSERT INTO config_Registers (config_ID,version_Number,odd_even,chan_Addr,reg_Addr,data_value) VALUES(3,1,'even','19','0x09','0x0C');
INSERT INTO config_Registers (config_ID,version_Number,odd_even,chan_Addr,reg_Addr,data_value) VALUES(3,1,'even','20','0x09','0x0C');
INSERT INTO config_Registers (config_ID,version_Number,odd_even,chan_Addr,reg_Addr,data_value) VALUES(3,1,'even','21','0x09','0x0C');
INSERT INTO config_Registers (config_ID,version_Number,odd_even,chan_Addr,reg_Addr,data_value) VALUES(3,1,'even','22','0x09','0x0C');
INSERT INTO config_Registers (config_ID,version_Number,odd_even,chan_Addr,reg_Addr,data_value) VALUES(3,1,'even','23','0x09','0x0C');
INSERT INTO config_Registers (config_ID,version_Number,odd_even,chan_Addr,reg_Addr,data_value) VALUES(3,1,'even','24','0x09','0x0C');
INSERT INTO config_Registers (config_ID,version_Number,odd_even,chan_Addr,reg_Addr,data_value) VALUES(3,1,'even','25','0x09','0x0C');
INSERT INTO config_Registers (config_ID,version_Number,odd_even,chan_Addr,reg_Addr,data_value) VALUES(3,1,'even','26','0x09','0x0C');
INSERT INTO config_Registers (config_ID,version_Number,odd_even,chan_Addr,reg_Addr,data_value) VALUES(3,1,'even','27','0x09','0x0C');
INSERT INTO config_Registers (config_ID,version_Number,odd_even,chan_Addr,reg_Addr,data_value) VALUES(3,1,'even','28','0x09','0x0C');
INSERT INTO config_Registers (config_ID,version_Number,odd_even,chan_Addr,reg_Addr,data_value) VALUES(3,1,'even','29','0x09','0x0C');
INSERT INTO config_Registers (config_ID,version_Number,odd_even,chan_Addr,reg_Addr,data_value) VALUES(3,1,'even','30','0x09','0x0C');
INSERT INTO config_Registers (config_ID,version_Number,odd_even,chan_Addr,reg_Addr,data_value) VALUES(3,1,'even','31','0x09','0x0C');
INSERT INTO config_Registers (config_ID,version_Number,odd_even,chan_Addr,reg_Addr,data_value) VALUES(3,1,'even','-1','0x0e','0x05'); 


INSERT INTO config_Registers (config_ID,version_Number,odd_even,chan_Addr,reg_Addr,data_value) VALUES(3,1,'odd','-1','0x0e','0x05');
INSERT INTO config_Registers (config_ID,version_Number,odd_even,chan_Addr,reg_Addr,data_value) VALUES(3,1,'odd','-1','0x0d','0x25');
INSERT INTO config_Registers (config_ID,version_Number,odd_even,chan_Addr,reg_Addr,data_value) VALUES(3,1,'odd','-1','0x12','0x11');
INSERT INTO config_Registers (config_ID,version_Number,odd_even,chan_Addr,reg_Addr,data_value) VALUES(3,1,'odd','-1','0x07','0x63');
INSERT INTO config_Registers (config_ID,version_Number,odd_even,chan_Addr,reg_Addr,data_value) VALUES(3,1,'odd','-1','0x08','0x00');
INSERT INTO config_Registers (config_ID,version_Number,odd_even,chan_Addr,reg_Addr,data_value) VALUES(3,1,'odd','-1','0x0b','0x63');
INSERT INTO config_Registers (config_ID,version_Number,odd_even,chan_Addr,reg_Addr,data_value) VALUES(3,1,'odd','-1','0x0c','0x00');
INSERT INTO config_Registers (config_ID,version_Number,odd_even,chan_Addr,reg_Addr,data_value) VALUES(3,1,'odd','-1','0x13','0x00');
INSERT INTO config_Registers (config_ID,version_Number,odd_even,chan_Addr,reg_Addr,data_value) VALUES(3,1,'odd','-1','0x24','0xff');
INSERT INTO config_Registers (config_ID,version_Number,odd_even,chan_Addr,reg_Addr,data_value) VALUES(3,1,'odd','-1','0x25','0xff');
INSERT INTO config_Registers (config_ID,version_Number,odd_even,chan_Addr,reg_Addr,data_value) VALUES(3,1,'odd','-1','0x26','0xff');
INSERT INTO config_Registers (config_ID,version_Number,odd_even,chan_Addr,reg_Addr,data_value) VALUES(3,1,'odd','-1','0x27','0xff');
INSERT INTO config_Registers (config_ID,version_Number,odd_even,chan_Addr,reg_Addr,data_value) VALUES(3,1,'odd','0','0x18','0x0200');
INSERT INTO config_Registers (config_ID,version_Number,odd_even,chan_Addr,reg_Addr,data_value) VALUES(3,1,'odd','1','0x18','0x0200');
INSERT INTO config_Registers (config_ID,version_Number,odd_even,chan_Addr,reg_Addr,data_value) VALUES(3,1,'odd','2','0x18','0x0200');
INSERT INTO config_Registers (config_ID,version_Number,odd_even,chan_Addr,reg_Addr,data_value) VALUES(3,1,'odd','3','0x18','0x0200');
INSERT INTO config_Registers (config_ID,version_Number,odd_even,chan_Addr,reg_Addr,data_value) VALUES(3,1,'odd','4','0x18','0x0200');
INSERT INTO config_Registers (config_ID,version_Number,odd_even,chan_Addr,reg_Addr,data_value) VALUES(3,1,'odd','5','0x18','0x0200');
INSERT INTO config_Registers (config_ID,version_Number,odd_even,chan_Addr,reg_Addr,data_value) VALUES(3,1,'odd','6','0x18','0x0200');
INSERT INTO config_Registers (config_ID,version_Number,odd_even,chan_Addr,reg_Addr,data_value) VALUES(3,1,'odd','7','0x18','0x0200');
INSERT INTO config_Registers (config_ID,version_Number,odd_even,chan_Addr,reg_Addr,data_value) VALUES(3,1,'odd','8','0x18','0x0200');
INSERT INTO config_Registers (config_ID,version_Number,odd_even,chan_Addr,reg_Addr,data_value) VALUES(3,1,'odd','9','0x18','0x0200');
INSERT INTO config_Registers (config_ID,version_Number,odd_even,chan_Addr,reg_Addr,data_value) VALUES(3,1,'odd','10','0x18','0x0200');
INSERT INTO config_Registers (config_ID,version_Number,odd_even,chan_Addr,reg_Addr,data_value) VALUES(3,1,'odd','11','0x18','0x0200');
INSERT INTO config_Registers (config_ID,version_Number,odd_even,chan_Addr,reg_Addr,data_value) VALUES(3,1,'odd','12','0x18','0x0200');
INSERT INTO config_Registers (config_ID,version_Number,odd_even,chan_Addr,reg_Addr,data_value) VALUES(3,1,'odd','13','0x18','0x0200');
INSERT INTO config_Registers (config_ID,version_Number,odd_even,chan_Addr,reg_Addr,data_value) VALUES(3,1,'odd','14','0x18','0x0200');
INSERT INTO config_Registers (config_ID,version_Number,odd_even,chan_Addr,reg_Addr,data_value) VALUES(3,1,'odd','15','0x18','0x0200');
INSERT INTO config_Registers (config_ID,version_Number,odd_even,chan_Addr,reg_Addr,data_value) VALUES(3,1,'odd','16','0x18','0x0200');
INSERT INTO config_Registers (config_ID,version_Number,odd_even,chan_Addr,reg_Addr,data_value) VALUES(3,1,'odd','17','0x18','0x0200');
INSERT INTO config_Registers (config_ID,version_Number,odd_even,chan_Addr,reg_Addr,data_value) VALUES(3,1,'odd','18','0x18','0x0200');
INSERT INTO config_Registers (config_ID,version_Number,odd_even,chan_Addr,reg_Addr,data_value) VALUES(3,1,'odd','19','0x18','0x0200');
INSERT INTO config_Registers (config_ID,version_Number,odd_even,chan_Addr,reg_Addr,data_value) VALUES(3,1,'odd','20','0x18','0x0200');
INSERT INTO config_Registers (config_ID,version_Number,odd_even,chan_Addr,reg_Addr,data_value) VALUES(3,1,'odd','21','0x18','0x0200');
INSERT INTO config_Registers (config_ID,version_Number,odd_even,chan_Addr,reg_Addr,data_value) VALUES(3,1,'odd','22','0x18','0x0200');
INSERT INTO config_Registers (config_ID,version_Number,odd_even,chan_Addr,reg_Addr,data_value) VALUES(3,1,'odd','23','0x18','0x0200');
INSERT INTO config_Registers (config_ID,version_Number,odd_even,chan_Addr,reg_Addr,data_value) VALUES(3,1,'odd','24','0x18','0x0200');
INSERT INTO config_Registers (config_ID,version_Number,odd_even,chan_Addr,reg_Addr,data_value) VALUES(3,1,'odd','25','0x18','0x0200');
INSERT INTO config_Registers (config_ID,version_Number,odd_even,chan_Addr,reg_Addr,data_value) VALUES(3,1,'odd','26','0x18','0x0200');
INSERT INTO config_Registers (config_ID,version_Number,odd_even,chan_Addr,reg_Addr,data_value) VALUES(3,1,'odd','27','0x18','0x0200');
INSERT INTO config_Registers (config_ID,version_Number,odd_even,chan_Addr,reg_Addr,data_value) VALUES(3,1,'odd','28','0x18','0x0200');
INSERT INTO config_Registers (config_ID,version_Number,odd_even,chan_Addr,reg_Addr,data_value) VALUES(3,1,'odd','29','0x18','0x0200');
INSERT INTO config_Registers (config_ID,version_Number,odd_even,chan_Addr,reg_Addr,data_value) VALUES(3,1,'odd','30','0x18','0x0200');
INSERT INTO config_Registers (config_ID,version_Number,odd_even,chan_Addr,reg_Addr,data_value) VALUES(3,1,'odd','31','0x18','0x0200');
INSERT INTO config_Registers (config_ID,version_Number,odd_even,chan_Addr,reg_Addr,data_value) VALUES(3,1,'odd','0','0x0b','0x007F');
INSERT INTO config_Registers (config_ID,version_Number,odd_even,chan_Addr,reg_Addr,data_value) VALUES(3,1,'odd','1','0x0b','0x007F');
INSERT INTO config_Registers (config_ID,version_Number,odd_even,chan_Addr,reg_Addr,data_value) VALUES(3,1,'odd','2','0x0b','0x007F');
INSERT INTO config_Registers (config_ID,version_Number,odd_even,chan_Addr,reg_Addr,data_value) VALUES(3,1,'odd','3','0x0b','0x007F');
INSERT INTO config_Registers (config_ID,version_Number,odd_even,chan_Addr,reg_Addr,data_value) VALUES(3,1,'odd','4','0x0b','0x007F');
INSERT INTO config_Registers (config_ID,version_Number,odd_even,chan_Addr,reg_Addr,data_value) VALUES(3,1,'odd','5','0x0b','0x007F');
INSERT INTO config_Registers (config_ID,version_Number,odd_even,chan_Addr,reg_Addr,data_value) VALUES(3,1,'odd','6','0x0b','0x007F');
INSERT INTO config_Registers (config_ID,version_Number,odd_even,chan_Addr,reg_Addr,data_value) VALUES(3,1,'odd','7','0x0b','0x007F');
INSERT INTO config_Registers (config_ID,version_Number,odd_even,chan_Addr,reg_Addr,data_value) VALUES(3,1,'odd','8','0x0b','0x007F');
INSERT INTO config_Registers (config_ID,version_Number,odd_even,chan_Addr,reg_Addr,data_value) VALUES(3,1,'odd','9','0x0b','0x007F');
INSERT INTO config_Registers (config_ID,version_Number,odd_even,chan_Addr,reg_Addr,data_value) VALUES(3,1,'odd','10','0x0b','0x007F');
INSERT INTO config_Registers (config_ID,version_Number,odd_even,chan_Addr,reg_Addr,data_value) VALUES(3,1,'odd','11','0x0b','0x007F');
INSERT INTO config_Registers (config_ID,version_Number,odd_even,chan_Addr,reg_Addr,data_value) VALUES(3,1,'odd','12','0x0b','0x007F');
INSERT INTO config_Registers (config_ID,version_Number,odd_even,chan_Addr,reg_Addr,data_value) VALUES(3,1,'odd','13','0x0b','0x007F');
INSERT INTO config_Registers (config_ID,version_Number,odd_even,chan_Addr,reg_Addr,data_value) VALUES(3,1,'odd','14','0x0b','0x007F');
INSERT INTO config_Registers (config_ID,version_Number,odd_even,chan_Addr,reg_Addr,data_value) VALUES(3,1,'odd','15','0x0b','0x007F');
INSERT INTO config_Registers (config_ID,version_Number,odd_even,chan_Addr,reg_Addr,data_value) VALUES(3,1,'odd','16','0x0b','0x007F');
INSERT INTO config_Registers (config_ID,version_Number,odd_even,chan_Addr,reg_Addr,data_value) VALUES(3,1,'odd','17','0x0b','0x007F');
INSERT INTO config_Registers (config_ID,version_Number,odd_even,chan_Addr,reg_Addr,data_value) VALUES(3,1,'odd','18','0x0b','0x007F');
INSERT INTO config_Registers (config_ID,version_Number,odd_even,chan_Addr,reg_Addr,data_value) VALUES(3,1,'odd','19','0x0b','0x007F');
INSERT INTO config_Registers (config_ID,version_Number,odd_even,chan_Addr,reg_Addr,data_value) VALUES(3,1,'odd','20','0x0b','0x007F');
INSERT INTO config_Registers (config_ID,version_Number,odd_even,chan_Addr,reg_Addr,data_value) VALUES(3,1,'odd','21','0x0b','0x007F');
INSERT INTO config_Registers (config_ID,version_Number,odd_even,chan_Addr,reg_Addr,data_value) VALUES(3,1,'odd','22','0x0b','0x007F');
INSERT INTO config_Registers (config_ID,version_Number,odd_even,chan_Addr,reg_Addr,data_value) VALUES(3,1,'odd','23','0x0b','0x007F');
INSERT INTO config_Registers (config_ID,version_Number,odd_even,chan_Addr,reg_Addr,data_value) VALUES(3,1,'odd','24','0x0b','0x007F');
INSERT INTO config_Registers (config_ID,version_Number,odd_even,chan_Addr,reg_Addr,data_value) VALUES(3,1,'odd','25','0x0b','0x007F');
INSERT INTO config_Registers (config_ID,version_Number,odd_even,chan_Addr,reg_Addr,data_value) VALUES(3,1,'odd','26','0x0b','0x007F');
INSERT INTO config_Registers (config_ID,version_Number,odd_even,chan_Addr,reg_Addr,data_value) VALUES(3,1,'odd','27','0x0b','0x007F');
INSERT INTO config_Registers (config_ID,version_Number,odd_even,chan_Addr,reg_Addr,data_value) VALUES(3,1,'odd','28','0x0b','0x007F');
INSERT INTO config_Registers (config_ID,version_Number,odd_even,chan_Addr,reg_Addr,data_value) VALUES(3,1,'odd','29','0x0b','0x007F');
INSERT INTO config_Registers (config_ID,version_Number,odd_even,chan_Addr,reg_Addr,data_value) VALUES(3,1,'odd','30','0x0b','0x007F');
INSERT INTO config_Registers (config_ID,version_Number,odd_even,chan_Addr,reg_Addr,data_value) VALUES(3,1,'odd','31','0x0b','0x007F');
INSERT INTO config_Registers (config_ID,version_Number,odd_even,chan_Addr,reg_Addr,data_value) VALUES(3,1,'odd','0','0x09','0x0C');
INSERT INTO config_Registers (config_ID,version_Number,odd_even,chan_Addr,reg_Addr,data_value) VALUES(3,1,'odd','1','0x09','0x0C');
INSERT INTO config_Registers (config_ID,version_Number,odd_even,chan_Addr,reg_Addr,data_value) VALUES(3,1,'odd','2','0x09','0x0C');
INSERT INTO config_Registers (config_ID,version_Number,odd_even,chan_Addr,reg_Addr,data_value) VALUES(3,1,'odd','3','0x09','0x0C');
INSERT INTO config_Registers (config_ID,version_Number,odd_even,chan_Addr,reg_Addr,data_value) VALUES(3,1,'odd','4','0x09','0x0C');
INSERT INTO config_Registers (config_ID,version_Number,odd_even,chan_Addr,reg_Addr,data_value) VALUES(3,1,'odd','5','0x09','0x0C');
INSERT INTO config_Registers (config_ID,version_Number,odd_even,chan_Addr,reg_Addr,data_value) VALUES(3,1,'odd','6','0x09','0x0C');
INSERT INTO config_Registers (config_ID,version_Number,odd_even,chan_Addr,reg_Addr,data_value) VALUES(3,1,'odd','7','0x09','0x0C');
INSERT INTO config_Registers (config_ID,version_Number,odd_even,chan_Addr,reg_Addr,data_value) VALUES(3,1,'odd','8','0x09','0x0C');
INSERT INTO config_Registers (config_ID,version_Number,odd_even,chan_Addr,reg_Addr,data_value) VALUES(3,1,'odd','9','0x09','0x0C');
INSERT INTO config_Registers (config_ID,version_Number,odd_even,chan_Addr,reg_Addr,data_value) VALUES(3,1,'odd','10','0x09','0x0C');
INSERT INTO config_Registers (config_ID,version_Number,odd_even,chan_Addr,reg_Addr,data_value) VALUES(3,1,'odd','11','0x09','0x0C');
INSERT INTO config_Registers (config_ID,version_Number,odd_even,chan_Addr,reg_Addr,data_value) VALUES(3,1,'odd','12','0x09','0x0C');
INSERT INTO config_Registers (config_ID,version_Number,odd_even,chan_Addr,reg_Addr,data_value) VALUES(3,1,'odd','13','0x09','0x0C');
INSERT INTO config_Registers (config_ID,version_Number,odd_even,chan_Addr,reg_Addr,data_value) VALUES(3,1,'odd','14','0x09','0x0C');
INSERT INTO config_Registers (config_ID,version_Number,odd_even,chan_Addr,reg_Addr,data_value) VALUES(3,1,'odd','15','0x09','0x0C');
INSERT INTO config_Registers (config_ID,version_Number,odd_even,chan_Addr,reg_Addr,data_value) VALUES(3,1,'odd','16','0x09','0x0C');
INSERT INTO config_Registers (config_ID,version_Number,odd_even,chan_Addr,reg_Addr,data_value) VALUES(3,1,'odd','17','0x09','0x0C');
INSERT INTO config_Registers (config_ID,version_Number,odd_even,chan_Addr,reg_Addr,data_value) VALUES(3,1,'odd','18','0x09','0x0C');
INSERT INTO config_Registers (config_ID,version_Number,odd_even,chan_Addr,reg_Addr,data_value) VALUES(3,1,'odd','19','0x09','0x0C');
INSERT INTO config_Registers (config_ID,version_Number,odd_even,chan_Addr,reg_Addr,data_value) VALUES(3,1,'odd','20','0x09','0x0C');
INSERT INTO config_Registers (config_ID,version_Number,odd_even,chan_Addr,reg_Addr,data_value) VALUES(3,1,'odd','21','0x09','0x0C');
INSERT INTO config_Registers (config_ID,version_Number,odd_even,chan_Addr,reg_Addr,data_value) VALUES(3,1,'odd','22','0x09','0x0C');
INSERT INTO config_Registers (config_ID,version_Number,odd_even,chan_Addr,reg_Addr,data_value) VALUES(3,1,'odd','23','0x09','0x0C');
INSERT INTO config_Registers (config_ID,version_Number,odd_even,chan_Addr,reg_Addr,data_value) VALUES(3,1,'odd','24','0x09','0x0C');
INSERT INTO config_Registers (config_ID,version_Number,odd_even,chan_Addr,reg_Addr,data_value) VALUES(3,1,'odd','25','0x09','0x0C');
INSERT INTO config_Registers (config_ID,version_Number,odd_even,chan_Addr,reg_Addr,data_value) VALUES(3,1,'odd','26','0x09','0x0C');
INSERT INTO config_Registers (config_ID,version_Number,odd_even,chan_Addr,reg_Addr,data_value) VALUES(3,1,'odd','27','0x09','0x0C');
INSERT INTO config_Registers (config_ID,version_Number,odd_even,chan_Addr,reg_Addr,data_value) VALUES(3,1,'odd','28','0x09','0x0C');
INSERT INTO config_Registers (config_ID,version_Number,odd_even,chan_Addr,reg_Addr,data_value) VALUES(3,1,'odd','29','0x09','0x0C');
INSERT INTO config_Registers (config_ID,version_Number,odd_even,chan_Addr,reg_Addr,data_value) VALUES(3,1,'odd','30','0x09','0x0C');
INSERT INTO config_Registers (config_ID,version_Number,odd_even,chan_Addr,reg_Addr,data_value) VALUES(3,1,'odd','31','0x09','0x0C');
INSERT INTO config_Registers (config_ID,version_Number,odd_even,chan_Addr,reg_Addr,data_value) VALUES(3,1,'odd','-1','0x0e','0x05');                                                                   
                                                                            
INSERT INTO config_Registers (config_ID,version_Number,odd_even,chan_Addr,reg_Addr,data_value) VALUES(4,1,'even','-1','0x0e','0x05');
INSERT INTO config_Registers (config_ID,version_Number,odd_even,chan_Addr,reg_Addr,data_value) VALUES(4,1,'even','-1','0x0d','0x20');
INSERT INTO config_Registers (config_ID,version_Number,odd_even,chan_Addr,reg_Addr,data_value) VALUES(4,1,'even','-1','0x12','0x31');
INSERT INTO config_Registers (config_ID,version_Number,odd_even,chan_Addr,reg_Addr,data_value) VALUES(4,1,'even','-1','0x07','0x63');
INSERT INTO config_Registers (config_ID,version_Number,odd_even,chan_Addr,reg_Addr,data_value) VALUES(4,1,'even','-1','0x08','0x00');
INSERT INTO config_Registers (config_ID,version_Number,odd_even,chan_Addr,reg_Addr,data_value) VALUES(4,1,'even','-1','0x0b','0x63');
INSERT INTO config_Registers (config_ID,version_Number,odd_even,chan_Addr,reg_Addr,data_value) VALUES(4,1,'even','-1','0x0c','0x00');
INSERT INTO config_Registers (config_ID,version_Number,odd_even,chan_Addr,reg_Addr,data_value) VALUES(4,1,'even','-1','0x13','0x00');
INSERT INTO config_Registers (config_ID,version_Number,odd_even,chan_Addr,reg_Addr,data_value) VALUES(4,1,'even','-1','0x24','0xff');
INSERT INTO config_Registers (config_ID,version_Number,odd_even,chan_Addr,reg_Addr,data_value) VALUES(4,1,'even','-1','0x25','0xff');
INSERT INTO config_Registers (config_ID,version_Number,odd_even,chan_Addr,reg_Addr,data_value) VALUES(4,1,'even','-1','0x26','0xff');
INSERT INTO config_Registers (config_ID,version_Number,odd_even,chan_Addr,reg_Addr,data_value) VALUES(4,1,'even','-1','0x27','0xff');
INSERT INTO config_Registers (config_ID,version_Number,odd_even,chan_Addr,reg_Addr,data_value) VALUES(4,1,'even','0','0x18','0x0200');
INSERT INTO config_Registers (config_ID,version_Number,odd_even,chan_Addr,reg_Addr,data_value) VALUES(4,1,'even','1','0x18','0x0200');
INSERT INTO config_Registers (config_ID,version_Number,odd_even,chan_Addr,reg_Addr,data_value) VALUES(4,1,'even','2','0x18','0x0200');
INSERT INTO config_Registers (config_ID,version_Number,odd_even,chan_Addr,reg_Addr,data_value) VALUES(4,1,'even','3','0x18','0x0200');
INSERT INTO config_Registers (config_ID,version_Number,odd_even,chan_Addr,reg_Addr,data_value) VALUES(4,1,'even','4','0x18','0x0200');
INSERT INTO config_Registers (config_ID,version_Number,odd_even,chan_Addr,reg_Addr,data_value) VALUES(4,1,'even','5','0x18','0x0200');
INSERT INTO config_Registers (config_ID,version_Number,odd_even,chan_Addr,reg_Addr,data_value) VALUES(4,1,'even','6','0x18','0x0200');
INSERT INTO config_Registers (config_ID,version_Number,odd_even,chan_Addr,reg_Addr,data_value) VALUES(4,1,'even','7','0x18','0x0200');
INSERT INTO config_Registers (config_ID,version_Number,odd_even,chan_Addr,reg_Addr,data_value) VALUES(4,1,'even','8','0x18','0x0200');
INSERT INTO config_Registers (config_ID,version_Number,odd_even,chan_Addr,reg_Addr,data_value) VALUES(4,1,'even','9','0x18','0x0200');
INSERT INTO config_Registers (config_ID,version_Number,odd_even,chan_Addr,reg_Addr,data_value) VALUES(4,1,'even','10','0x18','0x0200');
INSERT INTO config_Registers (config_ID,version_Number,odd_even,chan_Addr,reg_Addr,data_value) VALUES(4,1,'even','11','0x18','0x0200');
INSERT INTO config_Registers (config_ID,version_Number,odd_even,chan_Addr,reg_Addr,data_value) VALUES(4,1,'even','12','0x18','0x0200');
INSERT INTO config_Registers (config_ID,version_Number,odd_even,chan_Addr,reg_Addr,data_value) VALUES(4,1,'even','13','0x18','0x0200');
INSERT INTO config_Registers (config_ID,version_Number,odd_even,chan_Addr,reg_Addr,data_value) VALUES(4,1,'even','14','0x18','0x0200');
INSERT INTO config_Registers (config_ID,version_Number,odd_even,chan_Addr,reg_Addr,data_value) VALUES(4,1,'even','15','0x18','0x0200');
INSERT INTO config_Registers (config_ID,version_Number,odd_even,chan_Addr,reg_Addr,data_value) VALUES(4,1,'even','16','0x18','0x0200');
INSERT INTO config_Registers (config_ID,version_Number,odd_even,chan_Addr,reg_Addr,data_value) VALUES(4,1,'even','17','0x18','0x0200');
INSERT INTO config_Registers (config_ID,version_Number,odd_even,chan_Addr,reg_Addr,data_value) VALUES(4,1,'even','18','0x18','0x0200');
INSERT INTO config_Registers (config_ID,version_Number,odd_even,chan_Addr,reg_Addr,data_value) VALUES(4,1,'even','19','0x18','0x0200');
INSERT INTO config_Registers (config_ID,version_Number,odd_even,chan_Addr,reg_Addr,data_value) VALUES(4,1,'even','20','0x18','0x0200');
INSERT INTO config_Registers (config_ID,version_Number,odd_even,chan_Addr,reg_Addr,data_value) VALUES(4,1,'even','21','0x18','0x0200');
INSERT INTO config_Registers (config_ID,version_Number,odd_even,chan_Addr,reg_Addr,data_value) VALUES(4,1,'even','22','0x18','0x0200');
INSERT INTO config_Registers (config_ID,version_Number,odd_even,chan_Addr,reg_Addr,data_value) VALUES(4,1,'even','23','0x18','0x0200');
INSERT INTO config_Registers (config_ID,version_Number,odd_even,chan_Addr,reg_Addr,data_value) VALUES(4,1,'even','24','0x18','0x0200');
INSERT INTO config_Registers (config_ID,version_Number,odd_even,chan_Addr,reg_Addr,data_value) VALUES(4,1,'even','25','0x18','0x0200');
INSERT INTO config_Registers (config_ID,version_Number,odd_even,chan_Addr,reg_Addr,data_value) VALUES(4,1,'even','26','0x18','0x0200');
INSERT INTO config_Registers (config_ID,version_Number,odd_even,chan_Addr,reg_Addr,data_value) VALUES(4,1,'even','27','0x18','0x0200');
INSERT INTO config_Registers (config_ID,version_Number,odd_even,chan_Addr,reg_Addr,data_value) VALUES(4,1,'even','28','0x18','0x0200');
INSERT INTO config_Registers (config_ID,version_Number,odd_even,chan_Addr,reg_Addr,data_value) VALUES(4,1,'even','29','0x18','0x0200');
INSERT INTO config_Registers (config_ID,version_Number,odd_even,chan_Addr,reg_Addr,data_value) VALUES(4,1,'even','30','0x18','0x0200');
INSERT INTO config_Registers (config_ID,version_Number,odd_even,chan_Addr,reg_Addr,data_value) VALUES(4,1,'even','31','0x18','0x0200');
INSERT INTO config_Registers (config_ID,version_Number,odd_even,chan_Addr,reg_Addr,data_value) VALUES(4,1,'even','0','0x0b','0x007F');
INSERT INTO config_Registers (config_ID,version_Number,odd_even,chan_Addr,reg_Addr,data_value) VALUES(4,1,'even','1','0x0b','0x007F');
INSERT INTO config_Registers (config_ID,version_Number,odd_even,chan_Addr,reg_Addr,data_value) VALUES(4,1,'even','2','0x0b','0x007F');
INSERT INTO config_Registers (config_ID,version_Number,odd_even,chan_Addr,reg_Addr,data_value) VALUES(4,1,'even','3','0x0b','0x007F');
INSERT INTO config_Registers (config_ID,version_Number,odd_even,chan_Addr,reg_Addr,data_value) VALUES(4,1,'even','4','0x0b','0x007F');
INSERT INTO config_Registers (config_ID,version_Number,odd_even,chan_Addr,reg_Addr,data_value) VALUES(4,1,'even','5','0x0b','0x007F');
INSERT INTO config_Registers (config_ID,version_Number,odd_even,chan_Addr,reg_Addr,data_value) VALUES(4,1,'even','6','0x0b','0x007F');
INSERT INTO config_Registers (config_ID,version_Number,odd_even,chan_Addr,reg_Addr,data_value) VALUES(4,1,'even','7','0x0b','0x007F');
INSERT INTO config_Registers (config_ID,version_Number,odd_even,chan_Addr,reg_Addr,data_value) VALUES(4,1,'even','8','0x0b','0x007F');
INSERT INTO config_Registers (config_ID,version_Number,odd_even,chan_Addr,reg_Addr,data_value) VALUES(4,1,'even','9','0x0b','0x007F');
INSERT INTO config_Registers (config_ID,version_Number,odd_even,chan_Addr,reg_Addr,data_value) VALUES(4,1,'even','10','0x0b','0x007F');
INSERT INTO config_Registers (config_ID,version_Number,odd_even,chan_Addr,reg_Addr,data_value) VALUES(4,1,'even','11','0x0b','0x007F');
INSERT INTO config_Registers (config_ID,version_Number,odd_even,chan_Addr,reg_Addr,data_value) VALUES(4,1,'even','12','0x0b','0x007F');
INSERT INTO config_Registers (config_ID,version_Number,odd_even,chan_Addr,reg_Addr,data_value) VALUES(4,1,'even','13','0x0b','0x007F');
INSERT INTO config_Registers (config_ID,version_Number,odd_even,chan_Addr,reg_Addr,data_value) VALUES(4,1,'even','14','0x0b','0x007F');
INSERT INTO config_Registers (config_ID,version_Number,odd_even,chan_Addr,reg_Addr,data_value) VALUES(4,1,'even','15','0x0b','0x007F');
INSERT INTO config_Registers (config_ID,version_Number,odd_even,chan_Addr,reg_Addr,data_value) VALUES(4,1,'even','16','0x0b','0x007F');
INSERT INTO config_Registers (config_ID,version_Number,odd_even,chan_Addr,reg_Addr,data_value) VALUES(4,1,'even','17','0x0b','0x007F');
INSERT INTO config_Registers (config_ID,version_Number,odd_even,chan_Addr,reg_Addr,data_value) VALUES(4,1,'even','18','0x0b','0x007F');
INSERT INTO config_Registers (config_ID,version_Number,odd_even,chan_Addr,reg_Addr,data_value) VALUES(4,1,'even','19','0x0b','0x007F');
INSERT INTO config_Registers (config_ID,version_Number,odd_even,chan_Addr,reg_Addr,data_value) VALUES(4,1,'even','20','0x0b','0x007F');
INSERT INTO config_Registers (config_ID,version_Number,odd_even,chan_Addr,reg_Addr,data_value) VALUES(4,1,'even','21','0x0b','0x007F');
INSERT INTO config_Registers (config_ID,version_Number,odd_even,chan_Addr,reg_Addr,data_value) VALUES(4,1,'even','22','0x0b','0x007F');
INSERT INTO config_Registers (config_ID,version_Number,odd_even,chan_Addr,reg_Addr,data_value) VALUES(4,1,'even','23','0x0b','0x007F');
INSERT INTO config_Registers (config_ID,version_Number,odd_even,chan_Addr,reg_Addr,data_value) VALUES(4,1,'even','24','0x0b','0x007F');
INSERT INTO config_Registers (config_ID,version_Number,odd_even,chan_Addr,reg_Addr,data_value) VALUES(4,1,'even','25','0x0b','0x007F');
INSERT INTO config_Registers (config_ID,version_Number,odd_even,chan_Addr,reg_Addr,data_value) VALUES(4,1,'even','26','0x0b','0x007F');
INSERT INTO config_Registers (config_ID,version_Number,odd_even,chan_Addr,reg_Addr,data_value) VALUES(4,1,'even','27','0x0b','0x007F');
INSERT INTO config_Registers (config_ID,version_Number,odd_even,chan_Addr,reg_Addr,data_value) VALUES(4,1,'even','28','0x0b','0x007F');
INSERT INTO config_Registers (config_ID,version_Number,odd_even,chan_Addr,reg_Addr,data_value) VALUES(4,1,'even','29','0x0b','0x007F');
INSERT INTO config_Registers (config_ID,version_Number,odd_even,chan_Addr,reg_Addr,data_value) VALUES(4,1,'even','30','0x0b','0x007F');
INSERT INTO config_Registers (config_ID,version_Number,odd_even,chan_Addr,reg_Addr,data_value) VALUES(4,1,'even','31','0x0b','0x007F');
INSERT INTO config_Registers (config_ID,version_Number,odd_even,chan_Addr,reg_Addr,data_value) VALUES(4,1,'even','0','0x09','0x0C');
INSERT INTO config_Registers (config_ID,version_Number,odd_even,chan_Addr,reg_Addr,data_value) VALUES(4,1,'even','1','0x09','0x0C');
INSERT INTO config_Registers (config_ID,version_Number,odd_even,chan_Addr,reg_Addr,data_value) VALUES(4,1,'even','2','0x09','0x0C');
INSERT INTO config_Registers (config_ID,version_Number,odd_even,chan_Addr,reg_Addr,data_value) VALUES(4,1,'even','3','0x09','0x0C');
INSERT INTO config_Registers (config_ID,version_Number,odd_even,chan_Addr,reg_Addr,data_value) VALUES(4,1,'even','4','0x09','0x0C');
INSERT INTO config_Registers (config_ID,version_Number,odd_even,chan_Addr,reg_Addr,data_value) VALUES(4,1,'even','5','0x09','0x0C');
INSERT INTO config_Registers (config_ID,version_Number,odd_even,chan_Addr,reg_Addr,data_value) VALUES(4,1,'even','6','0x09','0x0C');
INSERT INTO config_Registers (config_ID,version_Number,odd_even,chan_Addr,reg_Addr,data_value) VALUES(4,1,'even','7','0x09','0x0C');
INSERT INTO config_Registers (config_ID,version_Number,odd_even,chan_Addr,reg_Addr,data_value) VALUES(4,1,'even','8','0x09','0x0C');
INSERT INTO config_Registers (config_ID,version_Number,odd_even,chan_Addr,reg_Addr,data_value) VALUES(4,1,'even','9','0x09','0x0C');
INSERT INTO config_Registers (config_ID,version_Number,odd_even,chan_Addr,reg_Addr,data_value) VALUES(4,1,'even','10','0x09','0x0C');
INSERT INTO config_Registers (config_ID,version_Number,odd_even,chan_Addr,reg_Addr,data_value) VALUES(4,1,'even','11','0x09','0x0C');
INSERT INTO config_Registers (config_ID,version_Number,odd_even,chan_Addr,reg_Addr,data_value) VALUES(4,1,'even','12','0x09','0x0C');
INSERT INTO config_Registers (config_ID,version_Number,odd_even,chan_Addr,reg_Addr,data_value) VALUES(4,1,'even','13','0x09','0x0C');
INSERT INTO config_Registers (config_ID,version_Number,odd_even,chan_Addr,reg_Addr,data_value) VALUES(4,1,'even','14','0x09','0x0C');
INSERT INTO config_Registers (config_ID,version_Number,odd_even,chan_Addr,reg_Addr,data_value) VALUES(4,1,'even','15','0x09','0x0C');
INSERT INTO config_Registers (config_ID,version_Number,odd_even,chan_Addr,reg_Addr,data_value) VALUES(4,1,'even','16','0x09','0x0C');
INSERT INTO config_Registers (config_ID,version_Number,odd_even,chan_Addr,reg_Addr,data_value) VALUES(4,1,'even','17','0x09','0x0C');
INSERT INTO config_Registers (config_ID,version_Number,odd_even,chan_Addr,reg_Addr,data_value) VALUES(4,1,'even','18','0x09','0x0C');
INSERT INTO config_Registers (config_ID,version_Number,odd_even,chan_Addr,reg_Addr,data_value) VALUES(4,1,'even','19','0x09','0x0C');
INSERT INTO config_Registers (config_ID,version_Number,odd_even,chan_Addr,reg_Addr,data_value) VALUES(4,1,'even','20','0x09','0x0C');
INSERT INTO config_Registers (config_ID,version_Number,odd_even,chan_Addr,reg_Addr,data_value) VALUES(4,1,'even','21','0x09','0x0C');
INSERT INTO config_Registers (config_ID,version_Number,odd_even,chan_Addr,reg_Addr,data_value) VALUES(4,1,'even','22','0x09','0x0C');
INSERT INTO config_Registers (config_ID,version_Number,odd_even,chan_Addr,reg_Addr,data_value) VALUES(4,1,'even','23','0x09','0x0C');
INSERT INTO config_Registers (config_ID,version_Number,odd_even,chan_Addr,reg_Addr,data_value) VALUES(4,1,'even','24','0x09','0x0C');
INSERT INTO config_Registers (config_ID,version_Number,odd_even,chan_Addr,reg_Addr,data_value) VALUES(4,1,'even','25','0x09','0x0C');
INSERT INTO config_Registers (config_ID,version_Number,odd_even,chan_Addr,reg_Addr,data_value) VALUES(4,1,'even','26','0x09','0x0C');
INSERT INTO config_Registers (config_ID,version_Number,odd_even,chan_Addr,reg_Addr,data_value) VALUES(4,1,'even','27','0x09','0x0C');
INSERT INTO config_Registers (config_ID,version_Number,odd_even,chan_Addr,reg_Addr,data_value) VALUES(4,1,'even','28','0x09','0x0C');
INSERT INTO config_Registers (config_ID,version_Number,odd_even,chan_Addr,reg_Addr,data_value) VALUES(4,1,'even','29','0x09','0x0C');
INSERT INTO config_Registers (config_ID,version_Number,odd_even,chan_Addr,reg_Addr,data_value) VALUES(4,1,'even','30','0x09','0x0C');
INSERT INTO config_Registers (config_ID,version_Number,odd_even,chan_Addr,reg_Addr,data_value) VALUES(4,1,'even','31','0x09','0x0C');
INSERT INTO config_Registers (config_ID,version_Number,odd_even,chan_Addr,reg_Addr,data_value) VALUES(4,1,'even','-1','0x0e','0x05');


INSERT INTO config_Registers (config_ID,version_Number,odd_even,chan_Addr,reg_Addr,data_value) VALUES(4,1,'odd','-1','0x0e','0x05');
INSERT INTO config_Registers (config_ID,version_Number,odd_even,chan_Addr,reg_Addr,data_value) VALUES(4,1,'odd','-1','0x0d','0x20');
INSERT INTO config_Registers (config_ID,version_Number,odd_even,chan_Addr,reg_Addr,data_value) VALUES(4,1,'odd','-1','0x12','0x11');
INSERT INTO config_Registers (config_ID,version_Number,odd_even,chan_Addr,reg_Addr,data_value) VALUES(4,1,'odd','-1','0x07','0x63');
INSERT INTO config_Registers (config_ID,version_Number,odd_even,chan_Addr,reg_Addr,data_value) VALUES(4,1,'odd','-1','0x08','0x00');
INSERT INTO config_Registers (config_ID,version_Number,odd_even,chan_Addr,reg_Addr,data_value) VALUES(4,1,'odd','-1','0x0b','0x63');
INSERT INTO config_Registers (config_ID,version_Number,odd_even,chan_Addr,reg_Addr,data_value) VALUES(4,1,'odd','-1','0x0c','0x00');
INSERT INTO config_Registers (config_ID,version_Number,odd_even,chan_Addr,reg_Addr,data_value) VALUES(4,1,'odd','-1','0x13','0x00');
INSERT INTO config_Registers (config_ID,version_Number,odd_even,chan_Addr,reg_Addr,data_value) VALUES(4,1,'odd','-1','0x24','0xff');
INSERT INTO config_Registers (config_ID,version_Number,odd_even,chan_Addr,reg_Addr,data_value) VALUES(4,1,'odd','-1','0x25','0xff');
INSERT INTO config_Registers (config_ID,version_Number,odd_even,chan_Addr,reg_Addr,data_value) VALUES(4,1,'odd','-1','0x26','0xff');
INSERT INTO config_Registers (config_ID,version_Number,odd_even,chan_Addr,reg_Addr,data_value) VALUES(4,1,'odd','-1','0x27','0xff');
INSERT INTO config_Registers (config_ID,version_Number,odd_even,chan_Addr,reg_Addr,data_value) VALUES(4,1,'odd','0','0x18','0x0200');
INSERT INTO config_Registers (config_ID,version_Number,odd_even,chan_Addr,reg_Addr,data_value) VALUES(4,1,'odd','1','0x18','0x0200');
INSERT INTO config_Registers (config_ID,version_Number,odd_even,chan_Addr,reg_Addr,data_value) VALUES(4,1,'odd','2','0x18','0x0200');
INSERT INTO config_Registers (config_ID,version_Number,odd_even,chan_Addr,reg_Addr,data_value) VALUES(4,1,'odd','3','0x18','0x0200');
INSERT INTO config_Registers (config_ID,version_Number,odd_even,chan_Addr,reg_Addr,data_value) VALUES(4,1,'odd','4','0x18','0x0200');
INSERT INTO config_Registers (config_ID,version_Number,odd_even,chan_Addr,reg_Addr,data_value) VALUES(4,1,'odd','5','0x18','0x0200');
INSERT INTO config_Registers (config_ID,version_Number,odd_even,chan_Addr,reg_Addr,data_value) VALUES(4,1,'odd','6','0x18','0x0200');
INSERT INTO config_Registers (config_ID,version_Number,odd_even,chan_Addr,reg_Addr,data_value) VALUES(4,1,'odd','7','0x18','0x0200');
INSERT INTO config_Registers (config_ID,version_Number,odd_even,chan_Addr,reg_Addr,data_value) VALUES(4,1,'odd','8','0x18','0x0200');
INSERT INTO config_Registers (config_ID,version_Number,odd_even,chan_Addr,reg_Addr,data_value) VALUES(4,1,'odd','9','0x18','0x0200');
INSERT INTO config_Registers (config_ID,version_Number,odd_even,chan_Addr,reg_Addr,data_value) VALUES(4,1,'odd','10','0x18','0x0200');
INSERT INTO config_Registers (config_ID,version_Number,odd_even,chan_Addr,reg_Addr,data_value) VALUES(4,1,'odd','11','0x18','0x0200');
INSERT INTO config_Registers (config_ID,version_Number,odd_even,chan_Addr,reg_Addr,data_value) VALUES(4,1,'odd','12','0x18','0x0200');
INSERT INTO config_Registers (config_ID,version_Number,odd_even,chan_Addr,reg_Addr,data_value) VALUES(4,1,'odd','13','0x18','0x0200');
INSERT INTO config_Registers (config_ID,version_Number,odd_even,chan_Addr,reg_Addr,data_value) VALUES(4,1,'odd','14','0x18','0x0200');
INSERT INTO config_Registers (config_ID,version_Number,odd_even,chan_Addr,reg_Addr,data_value) VALUES(4,1,'odd','15','0x18','0x0200');
INSERT INTO config_Registers (config_ID,version_Number,odd_even,chan_Addr,reg_Addr,data_value) VALUES(4,1,'odd','16','0x18','0x0200');
INSERT INTO config_Registers (config_ID,version_Number,odd_even,chan_Addr,reg_Addr,data_value) VALUES(4,1,'odd','17','0x18','0x0200');
INSERT INTO config_Registers (config_ID,version_Number,odd_even,chan_Addr,reg_Addr,data_value) VALUES(4,1,'odd','18','0x18','0x0200');
INSERT INTO config_Registers (config_ID,version_Number,odd_even,chan_Addr,reg_Addr,data_value) VALUES(4,1,'odd','19','0x18','0x0200');
INSERT INTO config_Registers (config_ID,version_Number,odd_even,chan_Addr,reg_Addr,data_value) VALUES(4,1,'odd','20','0x18','0x0200');
INSERT INTO config_Registers (config_ID,version_Number,odd_even,chan_Addr,reg_Addr,data_value) VALUES(4,1,'odd','21','0x18','0x0200');
INSERT INTO config_Registers (config_ID,version_Number,odd_even,chan_Addr,reg_Addr,data_value) VALUES(4,1,'odd','22','0x18','0x0200');
INSERT INTO config_Registers (config_ID,version_Number,odd_even,chan_Addr,reg_Addr,data_value) VALUES(4,1,'odd','23','0x18','0x0200');
INSERT INTO config_Registers (config_ID,version_Number,odd_even,chan_Addr,reg_Addr,data_value) VALUES(4,1,'odd','24','0x18','0x0200');
INSERT INTO config_Registers (config_ID,version_Number,odd_even,chan_Addr,reg_Addr,data_value) VALUES(4,1,'odd','25','0x18','0x0200');
INSERT INTO config_Registers (config_ID,version_Number,odd_even,chan_Addr,reg_Addr,data_value) VALUES(4,1,'odd','26','0x18','0x0200');
INSERT INTO config_Registers (config_ID,version_Number,odd_even,chan_Addr,reg_Addr,data_value) VALUES(4,1,'odd','27','0x18','0x0200');
INSERT INTO config_Registers (config_ID,version_Number,odd_even,chan_Addr,reg_Addr,data_value) VALUES(4,1,'odd','28','0x18','0x0200');
INSERT INTO config_Registers (config_ID,version_Number,odd_even,chan_Addr,reg_Addr,data_value) VALUES(4,1,'odd','29','0x18','0x0200');
INSERT INTO config_Registers (config_ID,version_Number,odd_even,chan_Addr,reg_Addr,data_value) VALUES(4,1,'odd','30','0x18','0x0200');
INSERT INTO config_Registers (config_ID,version_Number,odd_even,chan_Addr,reg_Addr,data_value) VALUES(4,1,'odd','31','0x18','0x0200');
INSERT INTO config_Registers (config_ID,version_Number,odd_even,chan_Addr,reg_Addr,data_value) VALUES(4,1,'odd','0','0x0b','0x007F');
INSERT INTO config_Registers (config_ID,version_Number,odd_even,chan_Addr,reg_Addr,data_value) VALUES(4,1,'odd','1','0x0b','0x007F');
INSERT INTO config_Registers (config_ID,version_Number,odd_even,chan_Addr,reg_Addr,data_value) VALUES(4,1,'odd','2','0x0b','0x007F');
INSERT INTO config_Registers (config_ID,version_Number,odd_even,chan_Addr,reg_Addr,data_value) VALUES(4,1,'odd','3','0x0b','0x007F');
INSERT INTO config_Registers (config_ID,version_Number,odd_even,chan_Addr,reg_Addr,data_value) VALUES(4,1,'odd','4','0x0b','0x007F');
INSERT INTO config_Registers (config_ID,version_Number,odd_even,chan_Addr,reg_Addr,data_value) VALUES(4,1,'odd','5','0x0b','0x007F');
INSERT INTO config_Registers (config_ID,version_Number,odd_even,chan_Addr,reg_Addr,data_value) VALUES(4,1,'odd','6','0x0b','0x007F');
INSERT INTO config_Registers (config_ID,version_Number,odd_even,chan_Addr,reg_Addr,data_value) VALUES(4,1,'odd','7','0x0b','0x007F');
INSERT INTO config_Registers (config_ID,version_Number,odd_even,chan_Addr,reg_Addr,data_value) VALUES(4,1,'odd','8','0x0b','0x007F');
INSERT INTO config_Registers (config_ID,version_Number,odd_even,chan_Addr,reg_Addr,data_value) VALUES(4,1,'odd','9','0x0b','0x007F');
INSERT INTO config_Registers (config_ID,version_Number,odd_even,chan_Addr,reg_Addr,data_value) VALUES(4,1,'odd','10','0x0b','0x007F');
INSERT INTO config_Registers (config_ID,version_Number,odd_even,chan_Addr,reg_Addr,data_value) VALUES(4,1,'odd','11','0x0b','0x007F');
INSERT INTO config_Registers (config_ID,version_Number,odd_even,chan_Addr,reg_Addr,data_value) VALUES(4,1,'odd','12','0x0b','0x007F');
INSERT INTO config_Registers (config_ID,version_Number,odd_even,chan_Addr,reg_Addr,data_value) VALUES(4,1,'odd','13','0x0b','0x007F');
INSERT INTO config_Registers (config_ID,version_Number,odd_even,chan_Addr,reg_Addr,data_value) VALUES(4,1,'odd','14','0x0b','0x007F');
INSERT INTO config_Registers (config_ID,version_Number,odd_even,chan_Addr,reg_Addr,data_value) VALUES(4,1,'odd','15','0x0b','0x007F');
INSERT INTO config_Registers (config_ID,version_Number,odd_even,chan_Addr,reg_Addr,data_value) VALUES(4,1,'odd','16','0x0b','0x007F');
INSERT INTO config_Registers (config_ID,version_Number,odd_even,chan_Addr,reg_Addr,data_value) VALUES(4,1,'odd','17','0x0b','0x007F');
INSERT INTO config_Registers (config_ID,version_Number,odd_even,chan_Addr,reg_Addr,data_value) VALUES(4,1,'odd','18','0x0b','0x007F');
INSERT INTO config_Registers (config_ID,version_Number,odd_even,chan_Addr,reg_Addr,data_value) VALUES(4,1,'odd','19','0x0b','0x007F');
INSERT INTO config_Registers (config_ID,version_Number,odd_even,chan_Addr,reg_Addr,data_value) VALUES(4,1,'odd','20','0x0b','0x007F');
INSERT INTO config_Registers (config_ID,version_Number,odd_even,chan_Addr,reg_Addr,data_value) VALUES(4,1,'odd','21','0x0b','0x007F');
INSERT INTO config_Registers (config_ID,version_Number,odd_even,chan_Addr,reg_Addr,data_value) VALUES(4,1,'odd','22','0x0b','0x007F');
INSERT INTO config_Registers (config_ID,version_Number,odd_even,chan_Addr,reg_Addr,data_value) VALUES(4,1,'odd','23','0x0b','0x007F');
INSERT INTO config_Registers (config_ID,version_Number,odd_even,chan_Addr,reg_Addr,data_value) VALUES(4,1,'odd','24','0x0b','0x007F');
INSERT INTO config_Registers (config_ID,version_Number,odd_even,chan_Addr,reg_Addr,data_value) VALUES(4,1,'odd','25','0x0b','0x007F');
INSERT INTO config_Registers (config_ID,version_Number,odd_even,chan_Addr,reg_Addr,data_value) VALUES(4,1,'odd','26','0x0b','0x007F');
INSERT INTO config_Registers (config_ID,version_Number,odd_even,chan_Addr,reg_Addr,data_value) VALUES(4,1,'odd','27','0x0b','0x007F');
INSERT INTO config_Registers (config_ID,version_Number,odd_even,chan_Addr,reg_Addr,data_value) VALUES(4,1,'odd','28','0x0b','0x007F');
INSERT INTO config_Registers (config_ID,version_Number,odd_even,chan_Addr,reg_Addr,data_value) VALUES(4,1,'odd','29','0x0b','0x007F');
INSERT INTO config_Registers (config_ID,version_Number,odd_even,chan_Addr,reg_Addr,data_value) VALUES(4,1,'odd','30','0x0b','0x007F');
INSERT INTO config_Registers (config_ID,version_Number,odd_even,chan_Addr,reg_Addr,data_value) VALUES(4,1,'odd','31','0x0b','0x007F');
INSERT INTO config_Registers (config_ID,version_Number,odd_even,chan_Addr,reg_Addr,data_value) VALUES(4,1,'odd','0','0x09','0x0C');
INSERT INTO config_Registers (config_ID,version_Number,odd_even,chan_Addr,reg_Addr,data_value) VALUES(4,1,'odd','1','0x09','0x0C');
INSERT INTO config_Registers (config_ID,version_Number,odd_even,chan_Addr,reg_Addr,data_value) VALUES(4,1,'odd','2','0x09','0x0C');
INSERT INTO config_Registers (config_ID,version_Number,odd_even,chan_Addr,reg_Addr,data_value) VALUES(4,1,'odd','3','0x09','0x0C');
INSERT INTO config_Registers (config_ID,version_Number,odd_even,chan_Addr,reg_Addr,data_value) VALUES(4,1,'odd','4','0x09','0x0C');
INSERT INTO config_Registers (config_ID,version_Number,odd_even,chan_Addr,reg_Addr,data_value) VALUES(4,1,'odd','5','0x09','0x0C');
INSERT INTO config_Registers (config_ID,version_Number,odd_even,chan_Addr,reg_Addr,data_value) VALUES(4,1,'odd','6','0x09','0x0C');
INSERT INTO config_Registers (config_ID,version_Number,odd_even,chan_Addr,reg_Addr,data_value) VALUES(4,1,'odd','7','0x09','0x0C');
INSERT INTO config_Registers (config_ID,version_Number,odd_even,chan_Addr,reg_Addr,data_value) VALUES(4,1,'odd','8','0x09','0x0C');
INSERT INTO config_Registers (config_ID,version_Number,odd_even,chan_Addr,reg_Addr,data_value) VALUES(4,1,'odd','9','0x09','0x0C');
INSERT INTO config_Registers (config_ID,version_Number,odd_even,chan_Addr,reg_Addr,data_value) VALUES(4,1,'odd','10','0x09','0x0C');
INSERT INTO config_Registers (config_ID,version_Number,odd_even,chan_Addr,reg_Addr,data_value) VALUES(4,1,'odd','11','0x09','0x0C');
INSERT INTO config_Registers (config_ID,version_Number,odd_even,chan_Addr,reg_Addr,data_value) VALUES(4,1,'odd','12','0x09','0x0C');
INSERT INTO config_Registers (config_ID,version_Number,odd_even,chan_Addr,reg_Addr,data_value) VALUES(4,1,'odd','13','0x09','0x0C');
INSERT INTO config_Registers (config_ID,version_Number,odd_even,chan_Addr,reg_Addr,data_value) VALUES(4,1,'odd','14','0x09','0x0C');
INSERT INTO config_Registers (config_ID,version_Number,odd_even,chan_Addr,reg_Addr,data_value) VALUES(4,1,'odd','15','0x09','0x0C');
INSERT INTO config_Registers (config_ID,version_Number,odd_even,chan_Addr,reg_Addr,data_value) VALUES(4,1,'odd','16','0x09','0x0C');
INSERT INTO config_Registers (config_ID,version_Number,odd_even,chan_Addr,reg_Addr,data_value) VALUES(4,1,'odd','17','0x09','0x0C');
INSERT INTO config_Registers (config_ID,version_Number,odd_even,chan_Addr,reg_Addr,data_value) VALUES(4,1,'odd','18','0x09','0x0C');
INSERT INTO config_Registers (config_ID,version_Number,odd_even,chan_Addr,reg_Addr,data_value) VALUES(4,1,'odd','19','0x09','0x0C');
INSERT INTO config_Registers (config_ID,version_Number,odd_even,chan_Addr,reg_Addr,data_value) VALUES(4,1,'odd','20','0x09','0x0C');
INSERT INTO config_Registers (config_ID,version_Number,odd_even,chan_Addr,reg_Addr,data_value) VALUES(4,1,'odd','21','0x09','0x0C');
INSERT INTO config_Registers (config_ID,version_Number,odd_even,chan_Addr,reg_Addr,data_value) VALUES(4,1,'odd','22','0x09','0x0C');
INSERT INTO config_Registers (config_ID,version_Number,odd_even,chan_Addr,reg_Addr,data_value) VALUES(4,1,'odd','23','0x09','0x0C');
INSERT INTO config_Registers (config_ID,version_Number,odd_even,chan_Addr,reg_Addr,data_value) VALUES(4,1,'odd','24','0x09','0x0C');
INSERT INTO config_Registers (config_ID,version_Number,odd_even,chan_Addr,reg_Addr,data_value) VALUES(4,1,'odd','25','0x09','0x0C');
INSERT INTO config_Registers (config_ID,version_Number,odd_even,chan_Addr,reg_Addr,data_value) VALUES(4,1,'odd','26','0x09','0x0C');
INSERT INTO config_Registers (config_ID,version_Number,odd_even,chan_Addr,reg_Addr,data_value) VALUES(4,1,'odd','27','0x09','0x0C');
INSERT INTO config_Registers (config_ID,version_Number,odd_even,chan_Addr,reg_Addr,data_value) VALUES(4,1,'odd','28','0x09','0x0C');
INSERT INTO config_Registers (config_ID,version_Number,odd_even,chan_Addr,reg_Addr,data_value) VALUES(4,1,'odd','29','0x09','0x0C');
INSERT INTO config_Registers (config_ID,version_Number,odd_even,chan_Addr,reg_Addr,data_value) VALUES(4,1,'odd','30','0x09','0x0C');
INSERT INTO config_Registers (config_ID,version_Number,odd_even,chan_Addr,reg_Addr,data_value) VALUES(4,1,'odd','31','0x09','0x0C');
INSERT INTO config_Registers (config_ID,version_Number,odd_even,chan_Addr,reg_Addr,data_value) VALUES(4,1,'odd','-1','0x0e','0x05');
                                                                                                                                                           
INSERT INTO config_Registers (config_ID,version_Number,odd_even,chan_Addr,reg_Addr,data_value) VALUES(5,1,'even','-1','0x0e','0x05');
INSERT INTO config_Registers (config_ID,version_Number,odd_even,chan_Addr,reg_Addr,data_value) VALUES(5,1,'even','-1','0x0d','0x24');
INSERT INTO config_Registers (config_ID,version_Number,odd_even,chan_Addr,reg_Addr,data_value) VALUES(5,1,'even','-1','0x12','0x31');
INSERT INTO config_Registers (config_ID,version_Number,odd_even,chan_Addr,reg_Addr,data_value) VALUES(5,1,'even','-1','0x07','0x63');
INSERT INTO config_Registers (config_ID,version_Number,odd_even,chan_Addr,reg_Addr,data_value) VALUES(5,1,'even','-1','0x08','0x00');
INSERT INTO config_Registers (config_ID,version_Number,odd_even,chan_Addr,reg_Addr,data_value) VALUES(5,1,'even','-1','0x0b','0x63');
INSERT INTO config_Registers (config_ID,version_Number,odd_even,chan_Addr,reg_Addr,data_value) VALUES(5,1,'even','-1','0x0c','0x00');
INSERT INTO config_Registers (config_ID,version_Number,odd_even,chan_Addr,reg_Addr,data_value) VALUES(5,1,'even','-1','0x13','0x00');
INSERT INTO config_Registers (config_ID,version_Number,odd_even,chan_Addr,reg_Addr,data_value) VALUES(5,1,'even','-1','0x24','0xff');
INSERT INTO config_Registers (config_ID,version_Number,odd_even,chan_Addr,reg_Addr,data_value) VALUES(5,1,'even','-1','0x25','0xff');
INSERT INTO config_Registers (config_ID,version_Number,odd_even,chan_Addr,reg_Addr,data_value) VALUES(5,1,'even','-1','0x26','0xff');
INSERT INTO config_Registers (config_ID,version_Number,odd_even,chan_Addr,reg_Addr,data_value) VALUES(5,1,'even','-1','0x27','0xff');
INSERT INTO config_Registers (config_ID,version_Number,odd_even,chan_Addr,reg_Addr,data_value) VALUES(5,1,'even','0','0x18','0x0200');
INSERT INTO config_Registers (config_ID,version_Number,odd_even,chan_Addr,reg_Addr,data_value) VALUES(5,1,'even','1','0x18','0x0200');
INSERT INTO config_Registers (config_ID,version_Number,odd_even,chan_Addr,reg_Addr,data_value) VALUES(5,1,'even','2','0x18','0x0200');
INSERT INTO config_Registers (config_ID,version_Number,odd_even,chan_Addr,reg_Addr,data_value) VALUES(5,1,'even','3','0x18','0x0200');
INSERT INTO config_Registers (config_ID,version_Number,odd_even,chan_Addr,reg_Addr,data_value) VALUES(5,1,'even','4','0x18','0x0200');
INSERT INTO config_Registers (config_ID,version_Number,odd_even,chan_Addr,reg_Addr,data_value) VALUES(5,1,'even','5','0x18','0x0200');
INSERT INTO config_Registers (config_ID,version_Number,odd_even,chan_Addr,reg_Addr,data_value) VALUES(5,1,'even','6','0x18','0x0200');
INSERT INTO config_Registers (config_ID,version_Number,odd_even,chan_Addr,reg_Addr,data_value) VALUES(5,1,'even','7','0x18','0x0200');
INSERT INTO config_Registers (config_ID,version_Number,odd_even,chan_Addr,reg_Addr,data_value) VALUES(5,1,'even','8','0x18','0x0200');
INSERT INTO config_Registers (config_ID,version_Number,odd_even,chan_Addr,reg_Addr,data_value) VALUES(5,1,'even','9','0x18','0x0200');
INSERT INTO config_Registers (config_ID,version_Number,odd_even,chan_Addr,reg_Addr,data_value) VALUES(5,1,'even','10','0x18','0x0200');
INSERT INTO config_Registers (config_ID,version_Number,odd_even,chan_Addr,reg_Addr,data_value) VALUES(5,1,'even','11','0x18','0x0200');
INSERT INTO config_Registers (config_ID,version_Number,odd_even,chan_Addr,reg_Addr,data_value) VALUES(5,1,'even','12','0x18','0x0200');
INSERT INTO config_Registers (config_ID,version_Number,odd_even,chan_Addr,reg_Addr,data_value) VALUES(5,1,'even','13','0x18','0x0200');
INSERT INTO config_Registers (config_ID,version_Number,odd_even,chan_Addr,reg_Addr,data_value) VALUES(5,1,'even','14','0x18','0x0200');
INSERT INTO config_Registers (config_ID,version_Number,odd_even,chan_Addr,reg_Addr,data_value) VALUES(5,1,'even','15','0x18','0x0200');
INSERT INTO config_Registers (config_ID,version_Number,odd_even,chan_Addr,reg_Addr,data_value) VALUES(5,1,'even','16','0x18','0x0200');
INSERT INTO config_Registers (config_ID,version_Number,odd_even,chan_Addr,reg_Addr,data_value) VALUES(5,1,'even','17','0x18','0x0200');
INSERT INTO config_Registers (config_ID,version_Number,odd_even,chan_Addr,reg_Addr,data_value) VALUES(5,1,'even','18','0x18','0x0200');
INSERT INTO config_Registers (config_ID,version_Number,odd_even,chan_Addr,reg_Addr,data_value) VALUES(5,1,'even','19','0x18','0x0200');
INSERT INTO config_Registers (config_ID,version_Number,odd_even,chan_Addr,reg_Addr,data_value) VALUES(5,1,'even','20','0x18','0x0200');
INSERT INTO config_Registers (config_ID,version_Number,odd_even,chan_Addr,reg_Addr,data_value) VALUES(5,1,'even','21','0x18','0x0200');
INSERT INTO config_Registers (config_ID,version_Number,odd_even,chan_Addr,reg_Addr,data_value) VALUES(5,1,'even','22','0x18','0x0200');
INSERT INTO config_Registers (config_ID,version_Number,odd_even,chan_Addr,reg_Addr,data_value) VALUES(5,1,'even','23','0x18','0x0200');
INSERT INTO config_Registers (config_ID,version_Number,odd_even,chan_Addr,reg_Addr,data_value) VALUES(5,1,'even','24','0x18','0x0200');
INSERT INTO config_Registers (config_ID,version_Number,odd_even,chan_Addr,reg_Addr,data_value) VALUES(5,1,'even','25','0x18','0x0200');
INSERT INTO config_Registers (config_ID,version_Number,odd_even,chan_Addr,reg_Addr,data_value) VALUES(5,1,'even','26','0x18','0x0200');
INSERT INTO config_Registers (config_ID,version_Number,odd_even,chan_Addr,reg_Addr,data_value) VALUES(5,1,'even','27','0x18','0x0200');
INSERT INTO config_Registers (config_ID,version_Number,odd_even,chan_Addr,reg_Addr,data_value) VALUES(5,1,'even','28','0x18','0x0200');
INSERT INTO config_Registers (config_ID,version_Number,odd_even,chan_Addr,reg_Addr,data_value) VALUES(5,1,'even','29','0x18','0x0200');
INSERT INTO config_Registers (config_ID,version_Number,odd_even,chan_Addr,reg_Addr,data_value) VALUES(5,1,'even','30','0x18','0x0200');
INSERT INTO config_Registers (config_ID,version_Number,odd_even,chan_Addr,reg_Addr,data_value) VALUES(5,1,'even','31','0x18','0x0200');
INSERT INTO config_Registers (config_ID,version_Number,odd_even,chan_Addr,reg_Addr,data_value) VALUES(5,1,'even','0','0x0b','0x007F');
INSERT INTO config_Registers (config_ID,version_Number,odd_even,chan_Addr,reg_Addr,data_value) VALUES(5,1,'even','1','0x0b','0x007F');
INSERT INTO config_Registers (config_ID,version_Number,odd_even,chan_Addr,reg_Addr,data_value) VALUES(5,1,'even','2','0x0b','0x007F');
INSERT INTO config_Registers (config_ID,version_Number,odd_even,chan_Addr,reg_Addr,data_value) VALUES(5,1,'even','3','0x0b','0x007F');
INSERT INTO config_Registers (config_ID,version_Number,odd_even,chan_Addr,reg_Addr,data_value) VALUES(5,1,'even','4','0x0b','0x007F');
INSERT INTO config_Registers (config_ID,version_Number,odd_even,chan_Addr,reg_Addr,data_value) VALUES(5,1,'even','5','0x0b','0x007F');
INSERT INTO config_Registers (config_ID,version_Number,odd_even,chan_Addr,reg_Addr,data_value) VALUES(5,1,'even','6','0x0b','0x007F');
INSERT INTO config_Registers (config_ID,version_Number,odd_even,chan_Addr,reg_Addr,data_value) VALUES(5,1,'even','7','0x0b','0x007F');
INSERT INTO config_Registers (config_ID,version_Number,odd_even,chan_Addr,reg_Addr,data_value) VALUES(5,1,'even','8','0x0b','0x007F');
INSERT INTO config_Registers (config_ID,version_Number,odd_even,chan_Addr,reg_Addr,data_value) VALUES(5,1,'even','9','0x0b','0x007F');
INSERT INTO config_Registers (config_ID,version_Number,odd_even,chan_Addr,reg_Addr,data_value) VALUES(5,1,'even','10','0x0b','0x007F');
INSERT INTO config_Registers (config_ID,version_Number,odd_even,chan_Addr,reg_Addr,data_value) VALUES(5,1,'even','11','0x0b','0x007F');
INSERT INTO config_Registers (config_ID,version_Number,odd_even,chan_Addr,reg_Addr,data_value) VALUES(5,1,'even','12','0x0b','0x007F');
INSERT INTO config_Registers (config_ID,version_Number,odd_even,chan_Addr,reg_Addr,data_value) VALUES(5,1,'even','13','0x0b','0x007F');
INSERT INTO config_Registers (config_ID,version_Number,odd_even,chan_Addr,reg_Addr,data_value) VALUES(5,1,'even','14','0x0b','0x007F');
INSERT INTO config_Registers (config_ID,version_Number,odd_even,chan_Addr,reg_Addr,data_value) VALUES(5,1,'even','15','0x0b','0x007F');
INSERT INTO config_Registers (config_ID,version_Number,odd_even,chan_Addr,reg_Addr,data_value) VALUES(5,1,'even','16','0x0b','0x007F');
INSERT INTO config_Registers (config_ID,version_Number,odd_even,chan_Addr,reg_Addr,data_value) VALUES(5,1,'even','17','0x0b','0x007F');
INSERT INTO config_Registers (config_ID,version_Number,odd_even,chan_Addr,reg_Addr,data_value) VALUES(5,1,'even','18','0x0b','0x007F');
INSERT INTO config_Registers (config_ID,version_Number,odd_even,chan_Addr,reg_Addr,data_value) VALUES(5,1,'even','19','0x0b','0x007F');
INSERT INTO config_Registers (config_ID,version_Number,odd_even,chan_Addr,reg_Addr,data_value) VALUES(5,1,'even','20','0x0b','0x007F');
INSERT INTO config_Registers (config_ID,version_Number,odd_even,chan_Addr,reg_Addr,data_value) VALUES(5,1,'even','21','0x0b','0x007F');
INSERT INTO config_Registers (config_ID,version_Number,odd_even,chan_Addr,reg_Addr,data_value) VALUES(5,1,'even','22','0x0b','0x007F');
INSERT INTO config_Registers (config_ID,version_Number,odd_even,chan_Addr,reg_Addr,data_value) VALUES(5,1,'even','23','0x0b','0x007F');
INSERT INTO config_Registers (config_ID,version_Number,odd_even,chan_Addr,reg_Addr,data_value) VALUES(5,1,'even','24','0x0b','0x007F');
INSERT INTO config_Registers (config_ID,version_Number,odd_even,chan_Addr,reg_Addr,data_value) VALUES(5,1,'even','25','0x0b','0x007F');
INSERT INTO config_Registers (config_ID,version_Number,odd_even,chan_Addr,reg_Addr,data_value) VALUES(5,1,'even','26','0x0b','0x007F');
INSERT INTO config_Registers (config_ID,version_Number,odd_even,chan_Addr,reg_Addr,data_value) VALUES(5,1,'even','27','0x0b','0x007F');
INSERT INTO config_Registers (config_ID,version_Number,odd_even,chan_Addr,reg_Addr,data_value) VALUES(5,1,'even','28','0x0b','0x007F');
INSERT INTO config_Registers (config_ID,version_Number,odd_even,chan_Addr,reg_Addr,data_value) VALUES(5,1,'even','29','0x0b','0x007F');
INSERT INTO config_Registers (config_ID,version_Number,odd_even,chan_Addr,reg_Addr,data_value) VALUES(5,1,'even','30','0x0b','0x007F');
INSERT INTO config_Registers (config_ID,version_Number,odd_even,chan_Addr,reg_Addr,data_value) VALUES(5,1,'even','31','0x0b','0x007F');
INSERT INTO config_Registers (config_ID,version_Number,odd_even,chan_Addr,reg_Addr,data_value) VALUES(5,1,'even','0','0x09','0x0C');
INSERT INTO config_Registers (config_ID,version_Number,odd_even,chan_Addr,reg_Addr,data_value) VALUES(5,1,'even','1','0x09','0x0C');
INSERT INTO config_Registers (config_ID,version_Number,odd_even,chan_Addr,reg_Addr,data_value) VALUES(5,1,'even','2','0x09','0x0C');
INSERT INTO config_Registers (config_ID,version_Number,odd_even,chan_Addr,reg_Addr,data_value) VALUES(5,1,'even','3','0x09','0x0C');
INSERT INTO config_Registers (config_ID,version_Number,odd_even,chan_Addr,reg_Addr,data_value) VALUES(5,1,'even','4','0x09','0x0C');
INSERT INTO config_Registers (config_ID,version_Number,odd_even,chan_Addr,reg_Addr,data_value) VALUES(5,1,'even','5','0x09','0x0C');
INSERT INTO config_Registers (config_ID,version_Number,odd_even,chan_Addr,reg_Addr,data_value) VALUES(5,1,'even','6','0x09','0x0C');
INSERT INTO config_Registers (config_ID,version_Number,odd_even,chan_Addr,reg_Addr,data_value) VALUES(5,1,'even','7','0x09','0x0C');
INSERT INTO config_Registers (config_ID,version_Number,odd_even,chan_Addr,reg_Addr,data_value) VALUES(5,1,'even','8','0x09','0x0C');
INSERT INTO config_Registers (config_ID,version_Number,odd_even,chan_Addr,reg_Addr,data_value) VALUES(5,1,'even','9','0x09','0x0C');
INSERT INTO config_Registers (config_ID,version_Number,odd_even,chan_Addr,reg_Addr,data_value) VALUES(5,1,'even','10','0x09','0x0C');
INSERT INTO config_Registers (config_ID,version_Number,odd_even,chan_Addr,reg_Addr,data_value) VALUES(5,1,'even','11','0x09','0x0C');
INSERT INTO config_Registers (config_ID,version_Number,odd_even,chan_Addr,reg_Addr,data_value) VALUES(5,1,'even','12','0x09','0x0C');
INSERT INTO config_Registers (config_ID,version_Number,odd_even,chan_Addr,reg_Addr,data_value) VALUES(5,1,'even','13','0x09','0x0C');
INSERT INTO config_Registers (config_ID,version_Number,odd_even,chan_Addr,reg_Addr,data_value) VALUES(5,1,'even','14','0x09','0x0C');
INSERT INTO config_Registers (config_ID,version_Number,odd_even,chan_Addr,reg_Addr,data_value) VALUES(5,1,'even','15','0x09','0x0C');
INSERT INTO config_Registers (config_ID,version_Number,odd_even,chan_Addr,reg_Addr,data_value) VALUES(5,1,'even','16','0x09','0x0C');
INSERT INTO config_Registers (config_ID,version_Number,odd_even,chan_Addr,reg_Addr,data_value) VALUES(5,1,'even','17','0x09','0x0C');
INSERT INTO config_Registers (config_ID,version_Number,odd_even,chan_Addr,reg_Addr,data_value) VALUES(5,1,'even','18','0x09','0x0C');
INSERT INTO config_Registers (config_ID,version_Number,odd_even,chan_Addr,reg_Addr,data_value) VALUES(5,1,'even','19','0x09','0x0C');
INSERT INTO config_Registers (config_ID,version_Number,odd_even,chan_Addr,reg_Addr,data_value) VALUES(5,1,'even','20','0x09','0x0C');
INSERT INTO config_Registers (config_ID,version_Number,odd_even,chan_Addr,reg_Addr,data_value) VALUES(5,1,'even','21','0x09','0x0C');
INSERT INTO config_Registers (config_ID,version_Number,odd_even,chan_Addr,reg_Addr,data_value) VALUES(5,1,'even','22','0x09','0x0C');
INSERT INTO config_Registers (config_ID,version_Number,odd_even,chan_Addr,reg_Addr,data_value) VALUES(5,1,'even','23','0x09','0x0C');
INSERT INTO config_Registers (config_ID,version_Number,odd_even,chan_Addr,reg_Addr,data_value) VALUES(5,1,'even','24','0x09','0x0C');
INSERT INTO config_Registers (config_ID,version_Number,odd_even,chan_Addr,reg_Addr,data_value) VALUES(5,1,'even','25','0x09','0x0C');
INSERT INTO config_Registers (config_ID,version_Number,odd_even,chan_Addr,reg_Addr,data_value) VALUES(5,1,'even','26','0x09','0x0C');
INSERT INTO config_Registers (config_ID,version_Number,odd_even,chan_Addr,reg_Addr,data_value) VALUES(5,1,'even','27','0x09','0x0C');
INSERT INTO config_Registers (config_ID,version_Number,odd_even,chan_Addr,reg_Addr,data_value) VALUES(5,1,'even','28','0x09','0x0C');
INSERT INTO config_Registers (config_ID,version_Number,odd_even,chan_Addr,reg_Addr,data_value) VALUES(5,1,'even','29','0x09','0x0C');
INSERT INTO config_Registers (config_ID,version_Number,odd_even,chan_Addr,reg_Addr,data_value) VALUES(5,1,'even','30','0x09','0x0C');
INSERT INTO config_Registers (config_ID,version_Number,odd_even,chan_Addr,reg_Addr,data_value) VALUES(5,1,'even','31','0x09','0x0C');
INSERT INTO config_Registers (config_ID,version_Number,odd_even,chan_Addr,reg_Addr,data_value) VALUES(5,1,'even','-1','0x0e','0x05');

INSERT INTO config_Registers (config_ID,version_Number,odd_even,chan_Addr,reg_Addr,data_value) VALUES(5,1,'odd','-1','0x0e','0x05');
INSERT INTO config_Registers (config_ID,version_Number,odd_even,chan_Addr,reg_Addr,data_value) VALUES(5,1,'odd','-1','0x0d','0x24');
INSERT INTO config_Registers (config_ID,version_Number,odd_even,chan_Addr,reg_Addr,data_value) VALUES(5,1,'odd','-1','0x12','0x11');
INSERT INTO config_Registers (config_ID,version_Number,odd_even,chan_Addr,reg_Addr,data_value) VALUES(5,1,'odd','-1','0x07','0x63');
INSERT INTO config_Registers (config_ID,version_Number,odd_even,chan_Addr,reg_Addr,data_value) VALUES(5,1,'odd','-1','0x08','0x00');
INSERT INTO config_Registers (config_ID,version_Number,odd_even,chan_Addr,reg_Addr,data_value) VALUES(5,1,'odd','-1','0x0b','0x63');
INSERT INTO config_Registers (config_ID,version_Number,odd_even,chan_Addr,reg_Addr,data_value) VALUES(5,1,'odd','-1','0x0c','0x00');
INSERT INTO config_Registers (config_ID,version_Number,odd_even,chan_Addr,reg_Addr,data_value) VALUES(5,1,'odd','-1','0x13','0x00');
INSERT INTO config_Registers (config_ID,version_Number,odd_even,chan_Addr,reg_Addr,data_value) VALUES(5,1,'odd','-1','0x24','0xff');
INSERT INTO config_Registers (config_ID,version_Number,odd_even,chan_Addr,reg_Addr,data_value) VALUES(5,1,'odd','-1','0x25','0xff');
INSERT INTO config_Registers (config_ID,version_Number,odd_even,chan_Addr,reg_Addr,data_value) VALUES(5,1,'odd','-1','0x26','0xff');
INSERT INTO config_Registers (config_ID,version_Number,odd_even,chan_Addr,reg_Addr,data_value) VALUES(5,1,'odd','-1','0x27','0xff');
INSERT INTO config_Registers (config_ID,version_Number,odd_even,chan_Addr,reg_Addr,data_value) VALUES(5,1,'odd','0','0x18','0x0200');
INSERT INTO config_Registers (config_ID,version_Number,odd_even,chan_Addr,reg_Addr,data_value) VALUES(5,1,'odd','1','0x18','0x0200');
INSERT INTO config_Registers (config_ID,version_Number,odd_even,chan_Addr,reg_Addr,data_value) VALUES(5,1,'odd','2','0x18','0x0200');
INSERT INTO config_Registers (config_ID,version_Number,odd_even,chan_Addr,reg_Addr,data_value) VALUES(5,1,'odd','3','0x18','0x0200');
INSERT INTO config_Registers (config_ID,version_Number,odd_even,chan_Addr,reg_Addr,data_value) VALUES(5,1,'odd','4','0x18','0x0200');
INSERT INTO config_Registers (config_ID,version_Number,odd_even,chan_Addr,reg_Addr,data_value) VALUES(5,1,'odd','5','0x18','0x0200');
INSERT INTO config_Registers (config_ID,version_Number,odd_even,chan_Addr,reg_Addr,data_value) VALUES(5,1,'odd','6','0x18','0x0200');
INSERT INTO config_Registers (config_ID,version_Number,odd_even,chan_Addr,reg_Addr,data_value) VALUES(5,1,'odd','7','0x18','0x0200');
INSERT INTO config_Registers (config_ID,version_Number,odd_even,chan_Addr,reg_Addr,data_value) VALUES(5,1,'odd','8','0x18','0x0200');
INSERT INTO config_Registers (config_ID,version_Number,odd_even,chan_Addr,reg_Addr,data_value) VALUES(5,1,'odd','9','0x18','0x0200');
INSERT INTO config_Registers (config_ID,version_Number,odd_even,chan_Addr,reg_Addr,data_value) VALUES(5,1,'odd','10','0x18','0x0200');
INSERT INTO config_Registers (config_ID,version_Number,odd_even,chan_Addr,reg_Addr,data_value) VALUES(5,1,'odd','11','0x18','0x0200');
INSERT INTO config_Registers (config_ID,version_Number,odd_even,chan_Addr,reg_Addr,data_value) VALUES(5,1,'odd','12','0x18','0x0200');
INSERT INTO config_Registers (config_ID,version_Number,odd_even,chan_Addr,reg_Addr,data_value) VALUES(5,1,'odd','13','0x18','0x0200');
INSERT INTO config_Registers (config_ID,version_Number,odd_even,chan_Addr,reg_Addr,data_value) VALUES(5,1,'odd','14','0x18','0x0200');
INSERT INTO config_Registers (config_ID,version_Number,odd_even,chan_Addr,reg_Addr,data_value) VALUES(5,1,'odd','15','0x18','0x0200');
INSERT INTO config_Registers (config_ID,version_Number,odd_even,chan_Addr,reg_Addr,data_value) VALUES(5,1,'odd','16','0x18','0x0200');
INSERT INTO config_Registers (config_ID,version_Number,odd_even,chan_Addr,reg_Addr,data_value) VALUES(5,1,'odd','17','0x18','0x0200');
INSERT INTO config_Registers (config_ID,version_Number,odd_even,chan_Addr,reg_Addr,data_value) VALUES(5,1,'odd','18','0x18','0x0200');
INSERT INTO config_Registers (config_ID,version_Number,odd_even,chan_Addr,reg_Addr,data_value) VALUES(5,1,'odd','19','0x18','0x0200');
INSERT INTO config_Registers (config_ID,version_Number,odd_even,chan_Addr,reg_Addr,data_value) VALUES(5,1,'odd','20','0x18','0x0200');
INSERT INTO config_Registers (config_ID,version_Number,odd_even,chan_Addr,reg_Addr,data_value) VALUES(5,1,'odd','21','0x18','0x0200');
INSERT INTO config_Registers (config_ID,version_Number,odd_even,chan_Addr,reg_Addr,data_value) VALUES(5,1,'odd','22','0x18','0x0200');
INSERT INTO config_Registers (config_ID,version_Number,odd_even,chan_Addr,reg_Addr,data_value) VALUES(5,1,'odd','23','0x18','0x0200');
INSERT INTO config_Registers (config_ID,version_Number,odd_even,chan_Addr,reg_Addr,data_value) VALUES(5,1,'odd','24','0x18','0x0200');
INSERT INTO config_Registers (config_ID,version_Number,odd_even,chan_Addr,reg_Addr,data_value) VALUES(5,1,'odd','25','0x18','0x0200');
INSERT INTO config_Registers (config_ID,version_Number,odd_even,chan_Addr,reg_Addr,data_value) VALUES(5,1,'odd','26','0x18','0x0200');
INSERT INTO config_Registers (config_ID,version_Number,odd_even,chan_Addr,reg_Addr,data_value) VALUES(5,1,'odd','27','0x18','0x0200');
INSERT INTO config_Registers (config_ID,version_Number,odd_even,chan_Addr,reg_Addr,data_value) VALUES(5,1,'odd','28','0x18','0x0200');
INSERT INTO config_Registers (config_ID,version_Number,odd_even,chan_Addr,reg_Addr,data_value) VALUES(5,1,'odd','29','0x18','0x0200');
INSERT INTO config_Registers (config_ID,version_Number,odd_even,chan_Addr,reg_Addr,data_value) VALUES(5,1,'odd','30','0x18','0x0200');
INSERT INTO config_Registers (config_ID,version_Number,odd_even,chan_Addr,reg_Addr,data_value) VALUES(5,1,'odd','31','0x18','0x0200');
INSERT INTO config_Registers (config_ID,version_Number,odd_even,chan_Addr,reg_Addr,data_value) VALUES(5,1,'odd','0','0x0b','0x007F');
INSERT INTO config_Registers (config_ID,version_Number,odd_even,chan_Addr,reg_Addr,data_value) VALUES(5,1,'odd','1','0x0b','0x007F');
INSERT INTO config_Registers (config_ID,version_Number,odd_even,chan_Addr,reg_Addr,data_value) VALUES(5,1,'odd','2','0x0b','0x007F');
INSERT INTO config_Registers (config_ID,version_Number,odd_even,chan_Addr,reg_Addr,data_value) VALUES(5,1,'odd','3','0x0b','0x007F');
INSERT INTO config_Registers (config_ID,version_Number,odd_even,chan_Addr,reg_Addr,data_value) VALUES(5,1,'odd','4','0x0b','0x007F');
INSERT INTO config_Registers (config_ID,version_Number,odd_even,chan_Addr,reg_Addr,data_value) VALUES(5,1,'odd','5','0x0b','0x007F');
INSERT INTO config_Registers (config_ID,version_Number,odd_even,chan_Addr,reg_Addr,data_value) VALUES(5,1,'odd','6','0x0b','0x007F');
INSERT INTO config_Registers (config_ID,version_Number,odd_even,chan_Addr,reg_Addr,data_value) VALUES(5,1,'odd','7','0x0b','0x007F');
INSERT INTO config_Registers (config_ID,version_Number,odd_even,chan_Addr,reg_Addr,data_value) VALUES(5,1,'odd','8','0x0b','0x007F');
INSERT INTO config_Registers (config_ID,version_Number,odd_even,chan_Addr,reg_Addr,data_value) VALUES(5,1,'odd','9','0x0b','0x007F');
INSERT INTO config_Registers (config_ID,version_Number,odd_even,chan_Addr,reg_Addr,data_value) VALUES(5,1,'odd','10','0x0b','0x007F');
INSERT INTO config_Registers (config_ID,version_Number,odd_even,chan_Addr,reg_Addr,data_value) VALUES(5,1,'odd','11','0x0b','0x007F');
INSERT INTO config_Registers (config_ID,version_Number,odd_even,chan_Addr,reg_Addr,data_value) VALUES(5,1,'odd','12','0x0b','0x007F');
INSERT INTO config_Registers (config_ID,version_Number,odd_even,chan_Addr,reg_Addr,data_value) VALUES(5,1,'odd','13','0x0b','0x007F');
INSERT INTO config_Registers (config_ID,version_Number,odd_even,chan_Addr,reg_Addr,data_value) VALUES(5,1,'odd','14','0x0b','0x007F');
INSERT INTO config_Registers (config_ID,version_Number,odd_even,chan_Addr,reg_Addr,data_value) VALUES(5,1,'odd','15','0x0b','0x007F');
INSERT INTO config_Registers (config_ID,version_Number,odd_even,chan_Addr,reg_Addr,data_value) VALUES(5,1,'odd','16','0x0b','0x007F');
INSERT INTO config_Registers (config_ID,version_Number,odd_even,chan_Addr,reg_Addr,data_value) VALUES(5,1,'odd','17','0x0b','0x007F');
INSERT INTO config_Registers (config_ID,version_Number,odd_even,chan_Addr,reg_Addr,data_value) VALUES(5,1,'odd','18','0x0b','0x007F');
INSERT INTO config_Registers (config_ID,version_Number,odd_even,chan_Addr,reg_Addr,data_value) VALUES(5,1,'odd','19','0x0b','0x007F');
INSERT INTO config_Registers (config_ID,version_Number,odd_even,chan_Addr,reg_Addr,data_value) VALUES(5,1,'odd','20','0x0b','0x007F');
INSERT INTO config_Registers (config_ID,version_Number,odd_even,chan_Addr,reg_Addr,data_value) VALUES(5,1,'odd','21','0x0b','0x007F');
INSERT INTO config_Registers (config_ID,version_Number,odd_even,chan_Addr,reg_Addr,data_value) VALUES(5,1,'odd','22','0x0b','0x007F');
INSERT INTO config_Registers (config_ID,version_Number,odd_even,chan_Addr,reg_Addr,data_value) VALUES(5,1,'odd','23','0x0b','0x007F');
INSERT INTO config_Registers (config_ID,version_Number,odd_even,chan_Addr,reg_Addr,data_value) VALUES(5,1,'odd','24','0x0b','0x007F');
INSERT INTO config_Registers (config_ID,version_Number,odd_even,chan_Addr,reg_Addr,data_value) VALUES(5,1,'odd','25','0x0b','0x007F');
INSERT INTO config_Registers (config_ID,version_Number,odd_even,chan_Addr,reg_Addr,data_value) VALUES(5,1,'odd','26','0x0b','0x007F');
INSERT INTO config_Registers (config_ID,version_Number,odd_even,chan_Addr,reg_Addr,data_value) VALUES(5,1,'odd','27','0x0b','0x007F');
INSERT INTO config_Registers (config_ID,version_Number,odd_even,chan_Addr,reg_Addr,data_value) VALUES(5,1,'odd','28','0x0b','0x007F');
INSERT INTO config_Registers (config_ID,version_Number,odd_even,chan_Addr,reg_Addr,data_value) VALUES(5,1,'odd','29','0x0b','0x007F');
INSERT INTO config_Registers (config_ID,version_Number,odd_even,chan_Addr,reg_Addr,data_value) VALUES(5,1,'odd','30','0x0b','0x007F');
INSERT INTO config_Registers (config_ID,version_Number,odd_even,chan_Addr,reg_Addr,data_value) VALUES(5,1,'odd','31','0x0b','0x007F');
INSERT INTO config_Registers (config_ID,version_Number,odd_even,chan_Addr,reg_Addr,data_value) VALUES(5,1,'odd','0','0x09','0x0C');
INSERT INTO config_Registers (config_ID,version_Number,odd_even,chan_Addr,reg_Addr,data_value) VALUES(5,1,'odd','1','0x09','0x0C');
INSERT INTO config_Registers (config_ID,version_Number,odd_even,chan_Addr,reg_Addr,data_value) VALUES(5,1,'odd','2','0x09','0x0C');
INSERT INTO config_Registers (config_ID,version_Number,odd_even,chan_Addr,reg_Addr,data_value) VALUES(5,1,'odd','3','0x09','0x0C');
INSERT INTO config_Registers (config_ID,version_Number,odd_even,chan_Addr,reg_Addr,data_value) VALUES(5,1,'odd','4','0x09','0x0C');
INSERT INTO config_Registers (config_ID,version_Number,odd_even,chan_Addr,reg_Addr,data_value) VALUES(5,1,'odd','5','0x09','0x0C');
INSERT INTO config_Registers (config_ID,version_Number,odd_even,chan_Addr,reg_Addr,data_value) VALUES(5,1,'odd','6','0x09','0x0C');
INSERT INTO config_Registers (config_ID,version_Number,odd_even,chan_Addr,reg_Addr,data_value) VALUES(5,1,'odd','7','0x09','0x0C');
INSERT INTO config_Registers (config_ID,version_Number,odd_even,chan_Addr,reg_Addr,data_value) VALUES(5,1,'odd','8','0x09','0x0C');
INSERT INTO config_Registers (config_ID,version_Number,odd_even,chan_Addr,reg_Addr,data_value) VALUES(5,1,'odd','9','0x09','0x0C');
INSERT INTO config_Registers (config_ID,version_Number,odd_even,chan_Addr,reg_Addr,data_value) VALUES(5,1,'odd','10','0x09','0x0C');
INSERT INTO config_Registers (config_ID,version_Number,odd_even,chan_Addr,reg_Addr,data_value) VALUES(5,1,'odd','11','0x09','0x0C');
INSERT INTO config_Registers (config_ID,version_Number,odd_even,chan_Addr,reg_Addr,data_value) VALUES(5,1,'odd','12','0x09','0x0C');
INSERT INTO config_Registers (config_ID,version_Number,odd_even,chan_Addr,reg_Addr,data_value) VALUES(5,1,'odd','13','0x09','0x0C');
INSERT INTO config_Registers (config_ID,version_Number,odd_even,chan_Addr,reg_Addr,data_value) VALUES(5,1,'odd','14','0x09','0x0C');
INSERT INTO config_Registers (config_ID,version_Number,odd_even,chan_Addr,reg_Addr,data_value) VALUES(5,1,'odd','15','0x09','0x0C');
INSERT INTO config_Registers (config_ID,version_Number,odd_even,chan_Addr,reg_Addr,data_value) VALUES(5,1,'odd','16','0x09','0x0C');
INSERT INTO config_Registers (config_ID,version_Number,odd_even,chan_Addr,reg_Addr,data_value) VALUES(5,1,'odd','17','0x09','0x0C');
INSERT INTO config_Registers (config_ID,version_Number,odd_even,chan_Addr,reg_Addr,data_value) VALUES(5,1,'odd','18','0x09','0x0C');
INSERT INTO config_Registers (config_ID,version_Number,odd_even,chan_Addr,reg_Addr,data_value) VALUES(5,1,'odd','19','0x09','0x0C');
INSERT INTO config_Registers (config_ID,version_Number,odd_even,chan_Addr,reg_Addr,data_value) VALUES(5,1,'odd','20','0x09','0x0C');
INSERT INTO config_Registers (config_ID,version_Number,odd_even,chan_Addr,reg_Addr,data_value) VALUES(5,1,'odd','21','0x09','0x0C');
INSERT INTO config_Registers (config_ID,version_Number,odd_even,chan_Addr,reg_Addr,data_value) VALUES(5,1,'odd','22','0x09','0x0C');
INSERT INTO config_Registers (config_ID,version_Number,odd_even,chan_Addr,reg_Addr,data_value) VALUES(5,1,'odd','23','0x09','0x0C');
INSERT INTO config_Registers (config_ID,version_Number,odd_even,chan_Addr,reg_Addr,data_value) VALUES(5,1,'odd','24','0x09','0x0C');
INSERT INTO config_Registers (config_ID,version_Number,odd_even,chan_Addr,reg_Addr,data_value) VALUES(5,1,'odd','25','0x09','0x0C');
INSERT INTO config_Registers (config_ID,version_Number,odd_even,chan_Addr,reg_Addr,data_value) VALUES(5,1,'odd','26','0x09','0x0C');
INSERT INTO config_Registers (config_ID,version_Number,odd_even,chan_Addr,reg_Addr,data_value) VALUES(5,1,'odd','27','0x09','0x0C');
INSERT INTO config_Registers (config_ID,version_Number,odd_even,chan_Addr,reg_Addr,data_value) VALUES(5,1,'odd','28','0x09','0x0C');
INSERT INTO config_Registers (config_ID,version_Number,odd_even,chan_Addr,reg_Addr,data_value) VALUES(5,1,'odd','29','0x09','0x0C');
INSERT INTO config_Registers (config_ID,version_Number,odd_even,chan_Addr,reg_Addr,data_value) VALUES(5,1,'odd','30','0x09','0x0C');
INSERT INTO config_Registers (config_ID,version_Number,odd_even,chan_Addr,reg_Addr,data_value) VALUES(5,1,'odd','31','0x09','0x0C');
INSERT INTO config_Registers (config_ID,version_Number,odd_even,chan_Addr,reg_Addr,data_value) VALUES(5,1,'odd','-1','0x0e','0x05');
                                                                              
COMMIT;